id,account,project_name,area,site_id,site_name,capacity
0,Altervim,TR NB Ph.4,BMA-01,NTB8674,NTB8674-ATV-NB1P4,4.36
1,Altervim,TR NB Ph.4,BMA-01,BKF8509,BKF8509-ATV-NB1P4,4.36
2,Altervim,TR NB Ph.4,BMA-01,NTB8686,NTB8686-ATV-NB1P4,4.36
3,Altervim,TR NB Ph.4,BMA-01,BKD1031,BKD1031-ATV-NB1P5,5.45
4,Altervim,TR NB Ph.4,BMA-01,BKF1009,BKF1009-ATV-NB1P5,5.45
5,Altervim,TR NB Ph.4,BMA-01,NTB1007,NTB1007-ATV-NB1P5,5.45
6,Altervim,TR NB Ph.4,BMA-01,NTB1047,NTB1047-ATV-NB1P5,5.45
7,Altervim,TR NB Ph.4,BMA-01,PTT0046,PTT0046-ATV-NB1P5,5.45
8,Altervim,TR NB Ph.4,BMA-01,BKD7178,BKD7178-ATV-NB1P4,4.36
9,Altervim,TR NB Ph.4,BMA-01,BKF7005,BKF7005-ATV-NB1P5,5.45
10,Altervim,TR NB Ph.4,BMA-01,NTB8606,NTB8606-ATV-NB1P5,5.45
11,Altervim,TR NB Ph.4,BMA-01,BKF8761,BKF8761-ATV-NB1P4,4.36
12,Altervim,TR NB Ph.4,BMA-01,BKF7001,BKF7001-ATV-NB1P4,4.36
13,Altervim,TR NB Ph.4,BMA-01,PTT8544,PTT8544-ATV-NB1P4,4.36
14,Altervim,TR NB Ph.4,BMA-01,NTB8547,NTB8547-ATV-NB1P4,4.36
15,Altervim,TR NB Ph.4,BMA-01,NTB1081,NTB1081-ATV-NB1P5,5.45
16,Altervim,TR NB Ph.4,BMA-01,NTB8620,NTB8620-ATV-NB1P5,5.45
17,Altervim,TR NB Ph.4,BMA-01,NTB8605,NTB8605-ATV-NB1P5,5.45
18,Altervim,TR NB Ph.4,BMA-01,NTB8613,NTB8613-ATV-NB1P5,5.45
19,Altervim,TR NB Ph.4,BMA-01,PTT8550,PTT8550-ATV-NB1P5,5.45
20,Altervim,TR NB Ph.4,BMA-01,BKF8601,BKF8601-ATV-NB1P5,5.45
21,Altervim,TR NB Ph.4,BMA-01,NTB8568,NTB8568-ATV-NB1P4,4.36
22,Altervim,TR NB Ph.4,BMA-01,NTB8525,NTB8525-ATV-NB1P4,4.36
23,Altervim,TR NB Ph.4,BMA-01,BKF8575,BKF8575-ATV-NB1P4,4.36
24,Altervim,TR NB Ph.4,BMA-01,NTB8533,NTB8533-ATV-NB1P4,4.36
25,Altervim,TR NB Ph.4,BMA-01,NTB8509,NTB8509-ATV-NB1P4,4.36
26,Altervim,TR NB Ph.4,BMA-01,NTB0028,NTB0028-ATV-NB1P5,5.45
27,Altervim,TR NB Ph.4,BMA-02,BKE0001,BKE0001-ATV-NB1P5,5.45
28,Altervim,TR NB Ph.4,BMA-02,BKE0028,BKE0028-ATV-NB1P5,5.45
29,Altervim,TR NB Ph.4,BMA-02,BKE1054,BKE1054-ATV-NB1P5,5.45
30,Altervim,TR NB Ph.4,BMA-02,BKE1088,BKE1088-ATV-NB1P5,5.45
31,Altervim,TR NB Ph.4,BMA-02,BKE7149,BKE7149-ATV-NB1P4,4.36
32,Altervim,TR NB Ph.4,BMA-02,BKE8511,BKE8511-ATV-NB1P4,4.36
33,Altervim,TR NB Ph.4,BMA-02,BKE8640,BKE8640-ATV-NB1P5,5.45
34,Altervim,TR NB Ph.4,BMA-02,BKE8730,BKE8730-ATV-NB1P4,4.36
35,Altervim,TR NB Ph.4,BMA-02,BKE1046,BKE1046-ATV-NB1P4,4.36
36,Altervim,TR NB Ph.4,BMA-02,BKE1049,BKE1049-ATV-NB1P5,5.45
37,Altervim,TR NB Ph.4,BMA-02,BKE1053,BKE1053-ATV-NB1P5,5.45
38,Altervim,TR NB Ph.4,BMA-02,BKE1078,BKE1078-ATV-NB1P4,4.36
39,Altervim,TR NB Ph.4,BMA-02,BKE1103,BKE1103-ATV-NB1P5,5.45
40,Altervim,TR NB Ph.4,BMA-02,BKE7000,BKE7000-ATV-NB1P5,5.45
41,Altervim,TR NB Ph.4,BMA-02,BKE6734,BKE6734-ATV-NB1P4,4.36
42,Altervim,TR NB Ph.4,BMA-02,BKE7114,BKE7114-ATV-NB1P4,4.36
43,Altervim,TR NB Ph.4,BMA-02,BKE8516,BKE8516-ATV-NB1P4,4.36
44,Altervim,TR NB Ph.4,BMA-02,BKE8629,BKE8629-ATV-NB1P4,4.36
45,Altervim,TR NB Ph.4,BMA-02,BKE8631,BKE8631-ATV-NB1P4,4.36
46,Altervim,TR NB Ph.4,BMA-02,BKE8682,BKE8682-ATV-NB1P4,4.36
47,Altervim,TR NB Ph.4,BMA-02,BKE8691,BKE8691-ATV-NB1P4,4.36
48,Altervim,TR NB Ph.4,BMA-02,BKE8699,BKE8699-ATV-NB1P4,4.36
49,Altervim,TR NB Ph.4,BMA-02,BKE7022,BKE7022-ATV-NB1P5,5.45
50,Altervim,TR NB Ph.4,BMA-02,BKE7023,BKE7023-ATV-NB1P5,5.45
51,Altervim,TR NB Ph.4,BMA-02,BKE8731,BKE8731-ATV-NB1P4,4.36
52,Altervim,TR NB Ph.4,BMA-02,BKE1079,BKE1079-ATV-NB1P4,4.36
53,Altervim,TR NB Ph.4,BMA-02,BKE8726,BKE8726-ATV-NB1P5,5.45
54,Altervim,TR NB Ph.4,BMA-02,NTB8646,NTB8646-ATV-NB1P5,5.45
55,Altervim,TR NB Ph.4,BMA-02,BKE8530,BKE8530-ATV-NB1P4,4.36
56,Altervim,TR NB Ph.4,BMA-02,BKE8570,BKE8570-ATV-NB1P5,5.45
57,Altervim,TR NB Ph.4,BMA-02,BKE8651,BKE8651-ATV-NB1P4,4.36
58,Altervim,TR NB Ph.4,BMA-02,BKE8679,BKE8679-ATV-NB1P5,5.45
59,Altervim,TR NB Ph.4,BMA-02,BKE8692,BKE8692-ATV-NB1P5,5.45
60,Altervim,TR NB Ph.4,BMA-02,BKE6026,BKE6026-ATV-NB1P4,4.36
61,Altervim,TR NB Ph.4,BMA-02,BKE8639,BKE8639-ATV-NB1P4,4.36
62,Altervim,TR NB Ph.4,BMA-02,BKE8594,BKE8594-ATV-NB1P4,4.36
63,Altervim,TR NB Ph.4,BMA-02,BKE8506,BKE8506-ATV-NB1P4,4.36
64,Altervim,TR NB Ph.4,BMA-02,BKE8518,BKE8518-ATV-NB1P4,4.36
65,Altervim,TR NB Ph.4,BMA-02,BKE8580,BKE8580-ATV-NB1P4,4.36
66,Altervim,TR NB Ph.4,BMA-02,BKE8605,BKE8605-ATV-NB1P4,4.36
67,Altervim,TR NB Ph.4,BMA-02,BKE8638,BKE8638-ATV-NB1P4,4.36
68,Altervim,TR NB Ph.4,BMA-02,BKE8717,BKE8717-ATV-NB1P4,4.36
69,Altervim,TR NB Ph.4,BMA-02,BKE7141,BKE7141-ATV-NB1P4,4.36
70,Altervim,TR NB Ph.4,BMA-03,PTT0014,PTT0014-ATV-NB1P5,5.45
71,Altervim,TR NB Ph.4,BMA-03,PTT1009,PTT1009-ATV-NB1P4,4.36
72,Altervim,TR NB Ph.4,BMA-03,PTT1115,PTT1115-ATV-NB1P5,5.45
73,Altervim,TR NB Ph.4,BMA-03,PTT1184,PTT1184-ATV-NB1P5,5.45
74,Altervim,TR NB Ph.4,BMA-03,PTT8670,PTT8670-ATV-NB1P5,5.45
75,Altervim,TR NB Ph.4,BMA-03,BKF8696,BKF8696-ATV-NB1P4,4.36
76,Altervim,TR NB Ph.4,BMA-03,BKF8754,BKF8754-ATV-NB1P4,4.36
77,Altervim,TR NB Ph.4,BMA-03,BKF8765,BKF8765-ATV-NB1P4,4.36
78,Altervim,TR NB Ph.4,BMA-03,BKF8542,BKF8542-ATV-NB1P4,4.36
79,Altervim,TR NB Ph.4,BMA-03,BKF8570,BKF8570-ATV-NB1P5,5.45
80,Altervim,TR NB Ph.4,BMA-03,BKF8583,BKF8583-ATV-NB1P4,4.36
81,Altervim,TR NB Ph.4,BMA-03,BKF1058,BKF1058-ATV-NB1P4,4.36
82,Altervim,TR NB Ph.4,BMA-03,PTT1007,PTT1007-ATV-NB1P4,4.36
83,Altervim,TR NB Ph.4,BMA-03,PTT1014,PTT1014-ATV-NB1P4,4.36
84,Altervim,TR NB Ph.4,BMA-03,PTT1060,PTT1060-ATV-NB1P5,5.45
85,Altervim,TR NB Ph.4,BMA-03,PTT1129,PTT1129-ATV-NB1P5,5.45
86,Altervim,TR NB Ph.4,BMA-03,PTT8531,PTT8531-ATV-NB1P5,5.45
87,Altervim,TR NB Ph.4,BMA-03,PTT8649,PTT8649-ATV-NB1P5,5.45
88,Altervim,TR NB Ph.4,BMA-03,PTT7161,PTT7161-ATV-NB1P4,4.36
89,Altervim,TR NB Ph.4,BMA-03,BKF8537,BKF8537-ATV-NB1P4,4.36
90,Altervim,TR NB Ph.4,BMA-03,BKF8562,BKF8562-ATV-NB1P4,4.36
91,Altervim,TR NB Ph.4,BMA-03,BKF8619,BKF8619-ATV-NB1P4,4.36
92,Altervim,TR NB Ph.4,BMA-03,BKF8626,BKF8626-ATV-NB1P5,5.45
93,Altervim,TR NB Ph.4,BMA-03,BKF8711,BKF8711-ATV-NB1P4,4.36
94,Altervim,TR NB Ph.4,BMA-03,BKF8858,BKF8858-ATV-NB1P4,4.36
95,Altervim,TR NB Ph.4,BMA-03,PTT7158,PTT7158-ATV-NB1P4,4.36
96,Altervim,TR NB Ph.4,BMA-03,BKF8781,BKF8781-ATV-NB1P4,4.36
97,Altervim,TR NB Ph.4,BMA-03,PTT1055,PTT1055-ATV-NB1P4,4.36
98,Altervim,TR NB Ph.4,BMA-03,BKF8666,BKF8666-ATV-NB1P4,4.36
99,Altervim,TR NB Ph.4,BMA-03,BKF7007,BKF7007-ATV-NB1P4,4.36
100,Altervim,TR NB Ph.4,BMA-03,BKF1138,BKF1138-ATV-NB1P4,4.36
101,Altervim,TR NB Ph.4,BMA-03,PTT8529,PTT8529-ATV-NB1P4,4.36
102,Altervim,TR NB Ph.4,BMA-03,PTT8663,PTT8663-ATV-NB1P4,4.36
103,Altervim,TR NB Ph.4,BMA-03,PTT1084,PTT1084-ATV-NB1P5,5.45
104,Altervim,TR NB Ph.4,BMA-03,PTT1106,PTT1106-ATV-NB1P5,5.45
105,Altervim,TR NB Ph.4,BMA-03,PTT6769,PTT6769-ATV-NB1P5,5.45
106,Altervim,TR NB Ph.4,BMA-03,PTT8552,PTT8552-ATV-NB1P5,5.45
107,Altervim,TR NB Ph.4,BMA-03,PTT8679,PTT8679-ATV-NB1P5,5.45
108,Altervim,TR NB Ph.4,BMA-03,PTT8579,PTT8579-ATV-NB1P5,5.45
109,Altervim,TR NB Ph.4,BMA-03,PTT1152,PTT1152-ATV-NB1P5,5.45
110,Altervim,TR NB Ph.4,BMA-03,PTT1121,PTT1121-ATV-NB1P5,5.45
111,Altervim,TR NB Ph.4,BMA-03,PTT8514,PTT8514-ATV-NB1P5,5.45
112,Altervim,TR NB Ph.4,BMA-03,PTT8610,PTT8610-ATV-NB1P5,5.45
113,Altervim,TR NB Ph.4,BMA-03,PTT8619,PTT8619-ATV-NB1P5,5.45
114,Altervim,TR NB Ph.4,BMA-03,PTT8632,PTT8632-ATV-NB1P4,4.36
115,Altervim,TR NB Ph.4,BMA-03,BKF8555,BKF8555-ATV-NB1P5,5.45
116,Altervim,TR NB Ph.4,BMA-03,BKF8595,BKF8595-ATV-NB1P5,5.45
117,Altervim,TR NB Ph.4,BMA-03,BKF8598,BKF8598-ATV-NB1P5,5.45
118,Altervim,TR NB Ph.4,BMA-03,BKF8669,BKF8669-ATV-NB1P5,5.45
119,Altervim,TR NB Ph.4,BMA-03,BKF8679,BKF8679-ATV-NB1P5,5.45
120,Altervim,TR NB Ph.4,BMA-03,BKF8739,BKF8739-ATV-NB1P5,5.45
121,Altervim,TR NB Ph.4,BMA-03,PTT0026,PTT0026-ATV-NB1P5,5.45
122,Altervim,TR NB Ph.4,BMA-03,PTT8562,PTT8562-ATV-NB1P4,4.36
123,Altervim,TR NB Ph.4,BMA-03,PTT8566,PTT8566-ATV-NB1P4,4.36
124,Altervim,TR NB Ph.4,BMA-03,PTT8681,PTT8681-ATV-NB1P4,4.36
125,Altervim,TR NB Ph.4,BMA-03,PTT1100,PTT1100-ATV-NB1P4,4.36
126,Altervim,TR NB Ph.4,BMA-03,PTT7123,PTT7123-ATV-NB1P4,4.36
127,Altervim,TR NB Ph.4,BMA-03,PTT8517,PTT8517-ATV-NB1P4,4.36
128,Altervim,TR NB Ph.4,BMA-03,PTT8526,PTT8526-ATV-NB1P4,4.36
129,Altervim,TR NB Ph.4,BMA-03,PTT8592,PTT8592-ATV-NB1P4,4.36
130,Altervim,TR NB Ph.4,BMA-03,PTT8682,PTT8682-ATV-NB1P4,4.36
131,Altervim,TR NB Ph.4,BMA-03,BKF8525,BKF8525-ATV-NB1P4,4.36
132,Altervim,TR NB Ph.4,BMA-03,BKF8548,BKF8548-ATV-NB1P4,4.36
133,Altervim,TR NB Ph.4,BMA-03,BKF8603,BKF8603-ATV-NB1P4,4.36
134,Altervim,TR NB Ph.4,BMA-03,BKF8659,BKF8659-ATV-NB1P4,4.36
135,Altervim,TR NB Ph.4,BMA-03,BKF8732,BKF8732-ATV-NB1P4,4.36
136,Altervim,TR NB Ph.4,BMA-03,PTT8551,PTT8551-ATV-NB1P4,4.36
137,Altervim,TR NB Ph.4,BMA-04,SMP1127,SMP1127-ATV-NB1P5,5.45
138,Altervim,TR NB Ph.4,BMA-04,PTT1008,PTT1008-ATV-NB1P5,5.45
139,Altervim,TR NB Ph.4,BMA-04,SMP0028,SMP0028-ATV-NB1P5,5.45
140,Altervim,TR NB Ph.4,BMA-04,SMP1001,SMP1001-ATV-NB1P5,5.45
141,Altervim,TR NB Ph.4,BMA-04,SMP1021,SMP1021-ATV-NB1P5,5.45
142,Altervim,TR NB Ph.4,BMA-04,SMP1069,SMP1069-ATV-NB1P5,5.45
143,Altervim,TR NB Ph.4,BMA-04,SMP8553,SMP8553-ATV-NB1P4,4.36
144,Altervim,TR NB Ph.4,BMA-04,SMP8556,SMP8556-ATV-NB1P4,4.36
145,Altervim,TR NB Ph.4,BMA-04,SMP8646,SMP8646-ATV-NB1P4,4.36
146,Altervim,TR NB Ph.4,BMA-04,SMP8683,SMP8683-ATV-NB1P4,4.36
147,Altervim,TR NB Ph.4,BMA-04,SMP8690,SMP8690-ATV-NB1P4,4.36
148,Altervim,TR NB Ph.4,BMA-04,BKF1029,BKF1029-ATV-NB1P5,5.45
149,Altervim,TR NB Ph.4,BMA-04,SMP1059,SMP1059-ATV-NB1P5,5.45
150,Altervim,TR NB Ph.4,BMA-04,SMP1114,SMP1114-ATV-NB1P5,5.45
151,Altervim,TR NB Ph.4,BMA-04,SMP1118,SMP1118-ATV-NB1P4,4.36
152,Altervim,TR NB Ph.4,BMA-04,SMP1140,SMP1140-ATV-NB1P4,4.36
153,Altervim,TR NB Ph.4,BMA-04,SMP1165,SMP1165-ATV-NB1P4,4.36
154,Altervim,TR NB Ph.4,BMA-04,SMP8719,SMP8719-ATV-NB1P5,5.45
155,Altervim,TR NB Ph.4,BMA-04,SMP8524,SMP8524-ATV-NB1P4,4.36
156,Altervim,TR NB Ph.4,BMA-04,SMP8528,SMP8528-ATV-NB1P4,4.36
157,Altervim,TR NB Ph.4,BMA-04,SMP8549,SMP8549-ATV-NB1P4,4.36
158,Altervim,TR NB Ph.4,BMA-04,SMP8604,SMP8604-ATV-NB1P4,4.36
159,Altervim,TR NB Ph.4,BMA-04,SMP8613,SMP8613-ATV-NB1P4,4.36
160,Altervim,TR NB Ph.4,BMA-04,SMP8631,SMP8631-ATV-NB1P4,4.36
161,Altervim,TR NB Ph.4,BMA-04,SMP8652,SMP8652-ATV-NB1P4,4.36
162,Altervim,TR NB Ph.4,BMA-04,SMP8663,SMP8663-ATV-NB1P5,5.45
163,Altervim,TR NB Ph.4,BMA-04,SMP8670,SMP8670-ATV-NB1P5,5.45
164,Altervim,TR NB Ph.4,BMA-04,SMP8685,SMP8685-ATV-NB1P4,4.36
165,Altervim,TR NB Ph.4,BMA-04,SMP8686,SMP8686-ATV-NB1P4,4.36
166,Altervim,TR NB Ph.4,BMA-04,SMP8687,SMP8687-ATV-NB1P4,4.36
167,Altervim,TR NB Ph.4,BMA-04,SMP8689,SMP8689-ATV-NB1P5,5.45
168,Altervim,TR NB Ph.4,BMA-04,SMP8697,SMP8697-ATV-NB1P4,4.36
169,Altervim,TR NB Ph.4,BMA-04,SMP8751,SMP8751-ATV-NB1P4,4.36
170,Altervim,TR NB Ph.4,BMA-04,SMP8777,SMP8777-ATV-NB1P4,4.36
171,Altervim,TR NB Ph.4,BMA-04,SMP8795,SMP8795-ATV-NB1P4,4.36
172,Altervim,TR NB Ph.4,BMA-04,SMP8811,SMP8811-ATV-NB1P4,4.36
173,Altervim,TR NB Ph.4,BMA-04,BKB7147,BKB7147-ATV-NB1P4,4.36
174,Altervim,TR NB Ph.4,BMA-04,BKF1071,BKF1071-ATV-NB1P5,5.45
175,Altervim,TR NB Ph.4,BMA-04,BKF8610,BKF8610-ATV-NB1P4,4.36
176,Altervim,TR NB Ph.4,BMA-04,SMP8557,SMP8557-ATV-NB1P4,4.36
177,Altervim,TR NB Ph.4,BMA-04,SMP8593,SMP8593-ATV-NB1P4,4.36
178,Altervim,TR NB Ph.4,BMA-04,SMP8636,SMP8636-ATV-NB1P4,4.36
179,Altervim,TR NB Ph.4,BMA-04,BKF8705,BKF8705-ATV-NB1P4,4.36
180,Altervim,TR NB Ph.4,BMA-04,BKF8519,BKF8519-ATV-NB1P5,5.45
181,Altervim,TR NB Ph.4,BMA-04,BKF6782,BKF6782-ATV-NB1P4,4.36
182,Altervim,TR NB Ph.4,BMA-04,SMP8633,SMP8633-ATV-NB1P5,5.45
183,Altervim,TR NB Ph.4,BMA-04,SMP8733,SMP8733-ATV-NB1P5,5.45
184,Altervim,TR NB Ph.4,BMA-04,SMP8628,SMP8628-ATV-NB1P4,4.36
185,Altervim,TR NB Ph.4,BMA-04,SMP8830,SMP8830-ATV-NB1P4,4.36
186,Altervim,TR NB Ph.4,BMA-04,SMP7184,SMP7184-ATV-NB1P5,5.45
187,Altervim,TR NB Ph.4,BMA-04,SMP8578,SMP8578-ATV-NB1P4,4.36
188,Altervim,TR NB Ph.4,BMA-04,SMP8584,SMP8584-ATV-NB1P4,4.36
189,Altervim,TR NB Ph.4,BMA-04,SMP8587,SMP8587-ATV-NB1P4,4.36
190,Altervim,TR NB Ph.4,BMA-04,SMP8601,SMP8601-ATV-NB1P4,4.36
191,Altervim,TR NB Ph.4,BMA-04,SMP8511,SMP8511-ATV-NB1P4,4.36
192,Altervim,TR NB Ph.4,BMA-04,SMP8614,SMP8614-ATV-NB1P4,4.36
193,Altervim,TR NB Ph.4,BMA-04,SMP8624,SMP8624-ATV-NB1P4,4.36
194,Altervim,TR NB Ph.4,BMA-04,SMP8525,SMP8525-ATV-NB1P4,4.36
195,Altervim,TR NB Ph.4,BMA-04,SMP8564,SMP8564-ATV-NB1P4,4.36
196,Altervim,TR NB Ph.4,BMA-04,SMP8568,SMP8568-ATV-NB1P4,4.36
197,Altervim,TR NB Ph.4,BMA-04,SMP8582,SMP8582-ATV-NB1P4,4.36
198,Altervim,TR NB Ph.4,BMA-04,SMP8843,SMP8843-ATV-NB1P4,4.36
199,Altervim,TR NB Ph.4,BMA-05,SMP8544,SMP8544-ATV-NB1P5,5.45
200,Altervim,TR NB Ph.4,BMA-05,BKA8578,BKA8578-ATV-NB1P4,4.36
201,Altervim,TR NB Ph.4,UPC-10,UBR1616,UBR1616-ATV-NB1P4,4.36
202,Altervim,TR NB Ph.4,UPC-10,MHR8513,MHR8513-ATV-NB1P4,4.36
203,Altervim,TR NB Ph.4,UPC-10,UBR6795,UBR6795-ATV-NB1P4,4.36
204,Altervim,TR NB Ph.4,UPC-10,UBR1955,UBR1955-ATV-NB1P4,4.36
205,Altervim,TR NB Ph.4,UPC-10,SSK6760,SSK6760-ATV-NB1P4,4.36
206,Altervim,TR NB Ph.4,UPC-10,YST6718,YST6718-ATV-NB1P4,4.36
207,Altervim,TR NB Ph.4,UPC-10,YST6723,YST6723-ATV-NB1P4,4.36
208,Altervim,TR NB Ph.4,UPC-10,YST8516,YST8516-ATV-NB1P4,4.36
209,Altervim,TR NB Ph.4,UPC-10,ANC6708,ANC6708-ATV-NB1P5,5.45
210,Altervim,TR NB Ph.4,UPC-10,UBR1622,UBR1622-ATV-NB1P5,5.45
211,Altervim,TR NB Ph.4,UPC-10,MDH1609,MDH1609-ATV-NB1P5,5.45
212,Altervim,TR NB Ph.4,UPC-10,MDH1603,MDH1603-ATV-NB1P5,5.45
213,Altervim,TR NB Ph.4,UPC-10,SSK1907,SSK1907-ATV-NB1P5,5.45
214,Altervim,TR NB Ph.4,UPC-10,SSK8507,SSK8507-ATV-NB1P5,5.45
215,Altervim,TR NB Ph.4,UPC-10,SSK8509,SSK8509-ATV-NB1P5,5.45
216,Altervim,TR NB Ph.4,UPC-10,SSK8511,SSK8511-ATV-NB1P5,5.45
217,Altervim,TR NB Ph.4,UPC-10,UBR8548,UBR8548-ATV-NB1P4,4.36
218,Altervim,TR NB Ph.4,UPC-10,YST1801,YST1801-ATV-NB1P4,4.36
219,Altervim,TR NB Ph.4,UPC-10,YST8523,YST8523-ATV-NB1P4,4.36
220,Altervim,TR NB Ph.4,UPC-10,YST8524,YST8524-ATV-NB1P5,5.45
221,Altervim,TR NB Ph.4,UPC-10,UBR8556,UBR8556-ATV-NB1P4,4.36
222,Altervim,TR NB Ph.4,UPC-10,UBR8553,UBR8553-ATV-NB1P5,5.45
223,Altervim,TR NB Ph.4,UPC-10,UBR7636,UBR7636-ATV-NB1P5,5.45
224,Altervim,TR NB Ph.4,UPC-10,UBR6783,UBR6783-ATV-NB1P5,5.45
225,Altervim,TR NB Ph.4,UPC-10,UBR1964,UBR1964-ATV-NB1P4,4.36
226,Altervim,TR NB Ph.4,UPC-10,ANC8512,ANC8512-ATV-NB1P4,4.36
227,Altervim,TR NB Ph.4,UPC-10,RET6765,RET6765-ATV-NB1P4,4.36
228,Altervim,TR NB Ph.4,UPC-10,UBR6716,UBR6716-ATV-NB1P6,6.54
229,Altervim,TR NB Ph.4,UPC-10,UBR6739,UBR6739-ATV-NB1P5,5.45
230,Altervim,TR NB Ph.4,UPC-10,UBR1623,UBR1623-ATV-NB1P4,4.36
231,Altervim,TR NB Ph.4,UPC-10,UBR6704,UBR6704-ATV-NB1P4,4.36
232,Altervim,TR NB Ph.4,UPC-10,UBR6726,UBR6726-ATV-NB1P4,4.36
233,Altervim,TR NB Ph.4,UPC-10,UBR8516,UBR8516-ATV-NB1P4,4.36
234,Altervim,TR NB Ph.4,UPC-10,RET7128,RET7128-ATV-NB1P4,4.36
235,Altervim,TR NB Ph.4,UPC-10,MDH8504,MDH8504-ATV-NB1P4,4.36
236,Altervim,TR NB Ph.4,UPC-10,RET8513,RET8513-ATV-NB1P5,5.45
237,Altervim,TR NB Ph.4,UPC-10,ANC6709,ANC6709-ATV-NB1P4,4.36
238,Altervim,TR NB Ph.4,UPC-10,SSK6729,SSK6729-ATV-NB1P5,5.45
239,Altervim,TR NB Ph.4,UPC-01,LPG6705,LPG6705-ATV-NB1P5,5.45
240,Altervim,TR NB Ph.4,UPC-01,PHE8517,PHE8517-ATV-NB1P4,4.36
241,Altervim,TR NB Ph.4,UPC-01,PYO6716,PYO6716-ATV-NB1P5,5.45
242,Altervim,TR NB Ph.4,UPC-01,CMI8603,CMI8603-ATV-NB1P4,4.36
243,Altervim,TR NB Ph.4,UPC-01,CMI8721,CMI8721-ATV-NB1P5,5.45
244,Altervim,TR NB Ph.4,UPC-01,CMI8799,CMI8799-ATV-NB1P4,4.36
245,Altervim,TR NB Ph.4,UPC-01,CRI1526,CRI1526-ATV-NB1P5,5.45
246,Altervim,TR NB Ph.4,UPC-01,LPN8513,LPN8513-ATV-NB1P4,4.36
247,Altervim,TR NB Ph.4,UPC-01,PYO1523,PYO1523-ATV-NB1P5,5.45
248,Altervim,TR NB Ph.4,UPC-01,CMI8652,CMI8652-ATV-NB1P4,4.36
249,Altervim,TR NB Ph.4,UPC-01,CRI1210,CRI1210-ATV-NB1P5,5.45
250,Altervim,TR NB Ph.4,UPC-01,CRI1808,CRI1808-ATV-NB1P5,5.45
251,Altervim,TR NB Ph.4,UPC-01,CRI1943,CRI1943-ATV-NB1P5,5.45
252,Altervim,TR NB Ph.4,UPC-01,CRI6774,CRI6774-ATV-NB1P5,5.45
253,Altervim,TR NB Ph.4,UPC-01,CMI6730,CMI6730-ATV-NB1P5,5.45
254,Altervim,TR NB Ph.4,UPC-01,CMI6757,CMI6757-ATV-NB1P5,5.45
255,Altervim,TR NB Ph.4,UPC-01,CMI6787,CMI6787-ATV-NB1P5,5.45
256,Altervim,TR NB Ph.4,UPC-01,CMI6789,CMI6789-ATV-NB1P5,5.45
257,Altervim,TR NB Ph.4,UPC-01,CMI6800,CMI6800-ATV-NB1P5,5.45
258,Altervim,TR NB Ph.4,UPC-01,CMI6881,CMI6881-ATV-NB1P5,5.45
259,Altervim,TR NB Ph.4,UPC-01,CRI1954,CRI1954-ATV-NB1P5,5.45
260,Altervim,TR NB Ph.4,UPC-01,CRI2143,CRI2143-ATV-NB1P5,5.45
261,Altervim,TR NB Ph.4,UPC-01,CRI6717,CRI6717-ATV-NB1P5,5.45
262,Altervim,TR NB Ph.4,UPC-01,CRI6732,CRI6732-ATV-NB1P5,5.45
263,Altervim,TR NB Ph.4,UPC-01,CRI6733,CRI6733-ATV-NB1P4,4.36
264,Altervim,TR NB Ph.4,UPC-01,CRI6751,CRI6751-ATV-NB1P5,5.45
265,Altervim,TR NB Ph.4,UPC-01,CRI6758,CRI6758-ATV-NB1P4,4.36
266,Altervim,TR NB Ph.4,UPC-01,CRI6768,CRI6768-ATV-NB1P4,4.36
267,Altervim,TR NB Ph.4,UPC-01,CRI6779,CRI6779-ATV-NB1P5,5.45
268,Altervim,TR NB Ph.4,UPC-01,LPG6709,LPG6709-ATV-NB1P5,5.45
269,Altervim,TR NB Ph.4,UPC-01,LPN6728,LPN6728-ATV-NB1P5,5.45
270,Altervim,TR NB Ph.4,UPC-01,LPN6744,LPN6744-ATV-NB1P5,5.45
271,Altervim,TR NB Ph.4,UPC-01,MHS6709,MHS6709-ATV-NB1P5,5.45
272,Altervim,TR NB Ph.4,UPC-01,NAN6700,NAN6700-ATV-NB1P5,5.45
273,Altervim,TR NB Ph.4,UPC-01,NAN6713,NAN6713-ATV-NB1P5,5.45
274,Altervim,TR NB Ph.4,UPC-01,CMI1691,CMI1691-ATV-NB1P5,5.45
275,Altervim,TR NB Ph.4,UPC-01,PYO6719,PYO6719-ATV-NB1P5,5.45
276,Altervim,TR NB Ph.4,UPC-01,PYO6706,PYO6706-ATV-NB1P4,4.36
277,Altervim,TR NB Ph.4,UPC-01,PYO6734,PYO6734-ATV-NB1P4,4.36
278,Altervim,TR NB Ph.4,UPC-01,CMI8885,CMI8885-ATV-NB1P5,5.45
279,Altervim,TR NB Ph.4,UPC-01,CRI8550,CRI8550-ATV-NB1P4,4.36
280,Altervim,TR NB Ph.4,UPC-01,PYO3191,PYO3191-ATV-NB1P5,5.45
281,Altervim,TR NB Ph.4,UPC-01,CRI6824,CRI6824-ATV-NB1P5,5.45
282,Altervim,TR NB Ph.4,UPC-01,CMI1977,CMI1977-ATV-NB1P5,5.45
283,Altervim,TR NB Ph.4,UPC-01,CMI6761,CMI6761-ATV-NB1P5,5.45
284,Altervim,TR NB Ph.4,UPC-01,CMI6762,CMI6762-ATV-NB1P5,5.45
285,Altervim,TR NB Ph.4,UPC-01,CMI6774,CMI6774-ATV-NB1P5,5.45
286,Altervim,TR NB Ph.4,UPC-01,CMI6788,CMI6788-ATV-NB1P5,5.45
287,Altervim,TR NB Ph.4,UPC-01,CMI6796,CMI6796-ATV-NB1P5,5.45
288,Altervim,TR NB Ph.4,UPC-01,CMI6807,CMI6807-ATV-NB1P5,5.45
289,Altervim,TR NB Ph.4,UPC-01,CMI6814,CMI6814-ATV-NB1P5,5.45
290,Altervim,TR NB Ph.4,UPC-01,CMI6823,CMI6823-ATV-NB1P5,5.45
291,Altervim,TR NB Ph.4,UPC-01,CMI6882,CMI6882-ATV-NB1P5,5.45
292,Altervim,TR NB Ph.4,UPC-01,CMI8867,CMI8867-ATV-NB1P4,4.36
293,Altervim,TR NB Ph.4,UPC-01,CRI1605,CRI1605-ATV-NB1P5,5.45
294,Altervim,TR NB Ph.4,UPC-01,CRI1958,CRI1958-ATV-NB1P5,5.45
295,Altervim,TR NB Ph.4,UPC-01,CRI3187,CRI3187-ATV-NB1P4,4.36
296,Altervim,TR NB Ph.4,UPC-01,CRI6746,CRI6746-ATV-NB1P5,5.45
297,Altervim,TR NB Ph.4,UPC-01,CRI6765,CRI6765-ATV-NB1P5,5.45
298,Altervim,TR NB Ph.4,UPC-01,CRI6793,CRI6793-ATV-NB1P5,5.45
299,Altervim,TR NB Ph.4,UPC-01,CRI6711,CRI6711-ATV-NB1P5,5.45
300,Altervim,TR NB Ph.4,UPC-01,CRI6724,CRI6724-ATV-NB1P5,5.45
301,Altervim,TR NB Ph.4,UPC-01,CRI6725,CRI6725-ATV-NB1P5,5.45
302,Altervim,TR NB Ph.4,UPC-01,CRI6788,CRI6788-ATV-NB1P5,5.45
303,Altervim,TR NB Ph.4,UPC-01,CRI8519,CRI8519-ATV-NB1P5,5.45
304,Altervim,TR NB Ph.4,UPC-01,CRI8670,CRI8670-ATV-NB1P5,5.45
305,Altervim,TR NB Ph.4,UPC-01,LPG1942,LPG1942-ATV-NB1P5,5.45
306,Altervim,TR NB Ph.4,UPC-01,LPG6762,LPG6762-ATV-NB1P5,5.45
307,Altervim,TR NB Ph.4,UPC-01,LPG6714,LPG6714-ATV-NB1P5,5.45
308,Altervim,TR NB Ph.4,UPC-01,LPG6720,LPG6720-ATV-NB1P5,5.45
309,Altervim,TR NB Ph.4,UPC-01,LPG6721,LPG6721-ATV-NB1P5,5.45
310,Altervim,TR NB Ph.4,UPC-01,LPG6743,LPG6743-ATV-NB1P5,5.45
311,Altervim,TR NB Ph.4,UPC-01,LPG6760,LPG6760-ATV-NB1P5,5.45
312,Altervim,TR NB Ph.4,UPC-01,LPG6768,LPG6768-ATV-NB1P5,5.45
313,Altervim,TR NB Ph.4,UPC-01,LPG6802,LPG6802-ATV-NB1P5,5.45
314,Altervim,TR NB Ph.4,UPC-01,LPG8572,LPG8572-ATV-NB1P5,5.45
315,Altervim,TR NB Ph.4,UPC-01,LPN6700,LPN6700-ATV-NB1P5,5.45
316,Altervim,TR NB Ph.4,UPC-01,LPN6706,LPN6706-ATV-NB1P5,5.45
317,Altervim,TR NB Ph.4,UPC-01,LPN6709,LPN6709-ATV-NB1P5,5.45
318,Altervim,TR NB Ph.4,UPC-01,LPN6710,LPN6710-ATV-NB1P5,5.45
319,Altervim,TR NB Ph.4,UPC-01,LPN6711,LPN6711-ATV-NB1P5,5.45
320,Altervim,TR NB Ph.4,UPC-01,LPN6721,LPN6721-ATV-NB1P5,5.45
321,Altervim,TR NB Ph.4,UPC-01,LPN6723,LPN6723-ATV-NB1P5,5.45
322,Altervim,TR NB Ph.4,UPC-01,LPN6747,LPN6747-ATV-NB1P5,5.45
323,Altervim,TR NB Ph.4,UPC-01,LPN8533,LPN8533-ATV-NB1P4,4.36
324,Altervim,TR NB Ph.4,UPC-01,LPN8561,LPN8561-ATV-NB1P4,4.36
325,Altervim,TR NB Ph.4,UPC-01,MHS6707,MHS6707-ATV-NB1P5,5.45
326,Altervim,TR NB Ph.4,UPC-01,NAN6701,NAN6701-ATV-NB1P4,4.36
327,Altervim,TR NB Ph.4,UPC-01,NAN6759,NAN6759-ATV-NB1P5,5.45
328,Altervim,TR NB Ph.4,UPC-01,PHE1927,PHE1927-ATV-NB1P4,4.36
329,Altervim,TR NB Ph.4,UPC-01,PHE6703,PHE6703-ATV-NB1P4,4.36
330,Altervim,TR NB Ph.4,UPC-01,LPG6711,LPG6711-ATV-NB1P4,4.36
331,Altervim,TR NB Ph.4,UPC-01,NAN1614,NAN1614-ATV-NB1P4,4.36
332,Altervim,TR NB Ph.4,UPC-01,PHE6702,PHE6702-ATV-NB1P5,5.45
333,Altervim,TR NB Ph.4,UPC-01,CMI1917,CMI1917-ATV-NB1P4,4.36
334,Altervim,TR NB Ph.4,UPC-01,CMI8738,CMI8738-ATV-NB1P5,5.45
335,Altervim,TR NB Ph.4,UPC-01,CMI8884,CMI8884-ATV-NB1P5,5.45
336,Altervim,TR NB Ph.4,UPC-01,LPN1782,LPN1782-ATV-NB1P4,4.36
337,Altervim,TR NB Ph.4,UPC-01,CMI6280,CMI6280-ATV-NB1P5,5.45
338,Altervim,TR NB Ph.4,UPC-01,CMI8536,CMI8536-ATV-NB1P4,4.36
339,Altervim,TR NB Ph.4,UPC-01,CRI6274,CRI6274-ATV-NB1P4,4.36
340,Altervim,TR NB Ph.4,UPC-01,CRI6224,CRI6224-ATV-NB1P4,4.36
341,Altervim,TR NB Ph.4,UPC-01,CRI6228,CRI6228-ATV-NB1P4,4.36
342,Altervim,TR NB Ph.4,UPC-01,CRI6273,CRI6273-ATV-NB1P4,4.36
343,Altervim,TR NB Ph.4,UPC-01,LPN8553,LPN8553-ATV-NB1P5,5.45
344,Altervim,TR NB Ph.4,UPC-01,LPG7112,LPG7112-ATV-NB1P5,5.45
345,Altervim,TR NB Ph.4,UPC-01,LPN8560,LPN8560-ATV-NB1P4,4.36
346,Altervim,TR NB Ph.4,UPC-01,CMI1811,CMI1811-ATV-NB1P4,4.36
347,Altervim,TR NB Ph.4,UPC-01,CMI8779,CMI8779-ATV-NB1P4,4.36
348,Altervim,TR NB Ph.4,UPC-01,CRI6702,CRI6702-ATV-NB1P5,5.45
349,Altervim,TR NB Ph.4,UPC-01,LPN1131,LPN1131-ATV-NB1P5,5.45
350,Altervim,TR NB Ph.4,UPC-01,CMI1630,CMI1630-ATV-NB1P4,4.36
351,Altervim,TR NB Ph.4,UPC-01,LPG1915,LPG1915-ATV-NB1P5,5.45
352,Altervim,TR NB Ph.4,UPC-01,LPG8519,LPG8519-ATV-NB1P4,4.36
353,Altervim,TR NB Ph.4,UPC-01,CRI7697,CRI7697-ATV-NB1P5,5.45
354,Altervim,TR NB Ph.4,UPC-01,LPN8582,LPN8582-ATV-NB1P4,4.36
355,Altervim,TR NB Ph.4,UPC-01,CMI1888,CMI1888-ATV-NB1P5,5.45
356,Altervim,TR NB Ph.4,UPC-01,CMI6943,CMI6943-ATV-NB1P5,5.45
357,Altervim,TR NB Ph.4,UPC-01,CMI8800,CMI8800-ATV-NB1P4,4.36
358,Altervim,TR NB Ph.4,UPC-01,CMI8872,CMI8872-ATV-NB1P5,5.45
359,Altervim,TR NB Ph.4,UPC-01,CRI6883,CRI6883-ATV-NB1P5,5.45
360,Altervim,TR NB Ph.4,UPC-01,CRI8603,CRI8603-ATV-NB1P5,5.45
361,Altervim,TR NB Ph.4,UPC-01,CRI8671,CRI8671-ATV-NB1P5,5.45
362,Altervim,TR NB Ph.4,UPC-01,LPN8514,LPN8514-ATV-NB1P4,4.36
363,Altervim,TR NB Ph.4,UPC-01,LPN8519,LPN8519-ATV-NB1P4,4.36
364,Altervim,TR NB Ph.4,UPC-01,LPN8522,LPN8522-ATV-NB1P4,4.36
365,Altervim,TR NB Ph.4,UPC-01,MHS6828,MHS6828-ATV-NB1P5,5.45
366,Altervim,TR NB Ph.4,UPC-01,NAN6721,NAN6721-ATV-NB1P5,5.45
367,Altervim,TR NB Ph.4,UPC-01,PHE8604,PHE8604-ATV-NB1P6,6.54
368,Altervim,TR NB Ph.4,UPC-01,PYO1804,PYO1804-ATV-NB1P4,4.36
369,Altervim,TR NB Ph.4,UPC-01,CMI6311,CMI6311-ATV-NB1P4,4.36
370,Altervim,TR NB Ph.4,UPC-01,LPN8555,LPN8555-ATV-NB1P4,4.36
371,Altervim,TR NB Ph.4,UPC-01,CRI7664,CRI7664-ATV-NB1P5,5.45
372,Altervim,TR NB Ph.4,UPC-01,CRI6320,CRI6320-ATV-NB1P5,5.45
373,Altervim,TR NB Ph.4,UPC-01,LPN8634,LPN8634-ATV-NB1P4,4.36
374,Altervim,TR NB Ph.4,UPC-01,LPN8633,LPN8633-ATV-NB1P4,4.36
375,Altervim,TR NB Ph.4,UPC-01,CRI8693,CRI8693-ATV-NB1P5,5.45
376,Altervim,TR NB Ph.4,UPC-02,PCB6772,PCB6772-ATV-NB1P5,5.45
377,Altervim,TR NB Ph.4,UPC-02,SKT8544,SKT8544-ATV-NB1P5,5.45
378,Altervim,TR NB Ph.4,UPC-02,PCB8568,PCB8568-ATV-NB1P4,4.36
379,Altervim,TR NB Ph.4,UPC-02,PSN1615,PSN1615-ATV-NB1P5,5.45
380,Altervim,TR NB Ph.4,UPC-02,SKT0601,SKT0601-ATV-NB1P5,5.45
381,Altervim,TR NB Ph.4,UPC-02,SKT1610,SKT1610-ATV-NB1P5,5.45
382,Altervim,TR NB Ph.4,UPC-02,SKT3127,SKT3127-ATV-NB1P5,5.45
383,Altervim,TR NB Ph.4,UPC-02,SKT6743,SKT6743-ATV-NB1P4,4.36
384,Altervim,TR NB Ph.4,UPC-02,TAK8557,TAK8557-ATV-NB1P5,5.45
385,Altervim,TR NB Ph.4,UPC-02,PCB3015,PCB3015-ATV-NB1P5,5.45
386,Altervim,TR NB Ph.4,UPC-02,SKT3034,SKT3034-ATV-NB1P4,4.36
387,Altervim,TR NB Ph.4,UPC-02,TAK8554,TAK8554-ATV-NB1P5,5.45
388,Altervim,TR NB Ph.4,UPC-02,PCB6707,PCB6707-ATV-NB1P5,5.45
389,Altervim,TR NB Ph.4,UPC-02,PCB6757,PCB6757-ATV-NB1P5,5.45
390,Altervim,TR NB Ph.4,UPC-02,PSN3122,PSN3122-ATV-NB1P5,5.45
391,Altervim,TR NB Ph.4,UPC-02,UTR1930,UTR1930-ATV-NB1P5,5.45
392,Altervim,TR NB Ph.4,UPC-02,PSN1603,PSN1603-ATV-NB1P4,4.36
393,Altervim,TR NB Ph.4,UPC-02,PSN1942,PSN1942-ATV-NB1P5,5.45
394,Altervim,TR NB Ph.4,UPC-02,PSN3125,PSN3125-ATV-NB1P5,5.45
395,Altervim,TR NB Ph.4,UPC-02,PSN6716,PSN6716-ATV-NB1P5,5.45
396,Altervim,TR NB Ph.4,UPC-02,PSN6728,PSN6728-ATV-NB1P5,5.45
397,Altervim,TR NB Ph.4,UPC-02,PSN6787,PSN6787-ATV-NB1P5,5.45
398,Altervim,TR NB Ph.4,UPC-02,UTR1801,UTR1801-ATV-NB1P5,5.45
399,Altervim,TR NB Ph.4,UPC-02,SKT8510,SKT8510-ATV-NB1P5,5.45
400,Altervim,TR NB Ph.4,UPC-02,TAK6739,TAK6739-ATV-NB1P5,5.45
401,Altervim,TR NB Ph.4,UPC-02,TAK8801,TAK8801-ATV-NB1P5,5.45
402,Altervim,TR NB Ph.4,UPC-02,UTR6750,UTR6750-ATV-NB1P4,4.36
403,Altervim,TR NB Ph.4,UPC-02,KPP6721,KPP6721-ATV-NB1P5,5.45
404,Altervim,TR NB Ph.4,UPC-02,KPP6743,KPP6743-ATV-NB1P5,5.45
405,Altervim,TR NB Ph.4,UPC-02,PCB6705,PCB6705-ATV-NB1P5,5.45
406,Altervim,TR NB Ph.4,UPC-02,PCB6785,PCB6785-ATV-NB1P5,5.45
407,Altervim,TR NB Ph.4,UPC-02,PCT6703,PCT6703-ATV-NB1P5,5.45
408,Altervim,TR NB Ph.4,UPC-02,TAK1906,TAK1906-ATV-NB1P5,5.45
409,Altervim,TR NB Ph.4,UPC-02,KPP1602,KPP1602-ATV-NB1P5,5.45
410,Altervim,TR NB Ph.4,UPC-02,KPP3186,KPP3186-ATV-NB1P5,5.45
411,Altervim,TR NB Ph.4,UPC-02,KPP8800,KPP8800-ATV-NB1P5,5.45
412,Altervim,TR NB Ph.4,UPC-02,KPP6708,KPP6708-ATV-NB1P5,5.45
413,Altervim,TR NB Ph.4,UPC-02,KPP6716,KPP6716-ATV-NB1P5,5.45
414,Altervim,TR NB Ph.4,UPC-02,KPP6724,KPP6724-ATV-NB1P5,5.45
415,Altervim,TR NB Ph.4,UPC-02,KPP6729,KPP6729-ATV-NB1P5,5.45
416,Altervim,TR NB Ph.4,UPC-02,KPP6730,KPP6730-ATV-NB1P5,5.45
417,Altervim,TR NB Ph.4,UPC-02,KPP6733,KPP6733-ATV-NB1P5,5.45
418,Altervim,TR NB Ph.4,UPC-02,KPP6737,KPP6737-ATV-NB1P5,5.45
419,Altervim,TR NB Ph.4,UPC-02,KPP6740,KPP6740-ATV-NB1P5,5.45
420,Altervim,TR NB Ph.4,UPC-02,KPP6753,KPP6753-ATV-NB1P5,5.45
421,Altervim,TR NB Ph.4,UPC-02,KPP6763,KPP6763-ATV-NB1P5,5.45
422,Altervim,TR NB Ph.4,UPC-02,KPP6764,KPP6764-ATV-NB1P5,5.45
423,Altervim,TR NB Ph.4,UPC-02,TAK6727,TAK6727-ATV-NB1P4,4.36
424,Altervim,TR NB Ph.4,UPC-02,PSN6823,PSN6823-ATV-NB1P4,4.36
425,Altervim,TR NB Ph.4,UPC-02,UTR0599,UTR0599-ATV-NB1P4,4.36
426,Altervim,TR NB Ph.4,UPC-02,TAK1287,TAK1287-ATV-NB1P4,4.36
427,Altervim,TR NB Ph.4,UPC-02,TAK1800,TAK1800-ATV-NB1P5,5.45
428,Altervim,TR NB Ph.4,UPC-02,TAK1618,TAK1618-ATV-NB1P4,4.36
429,Altervim,TR NB Ph.4,UPC-02,PCB1634,PCB1634-ATV-NB1P5,5.45
430,Altervim,TR NB Ph.4,UPC-02,PCB1906,PCB1906-ATV-NB1P4,4.36
431,Altervim,TR NB Ph.4,UPC-02,PCB3217,PCB3217-ATV-NB1P4,4.36
432,Altervim,TR NB Ph.4,UPC-02,PCB8599,PCB8599-ATV-NB1P5,5.45
433,Altervim,TR NB Ph.4,UPC-02,PCB8609,PCB8609-ATV-NB1P5,5.45
434,Altervim,TR NB Ph.4,UPC-02,PCT8592,PCT8592-ATV-NB1P5,5.45
435,Altervim,TR NB Ph.4,UPC-02,PSN8802,PSN8802-ATV-NB1P4,4.36
436,Altervim,TR NB Ph.4,UPC-02,SKT1914,SKT1914-ATV-NB1P5,5.45
437,Altervim,TR NB Ph.4,UPC-02,SKT6752,SKT6752-ATV-NB1P4,4.36
438,Altervim,TR NB Ph.4,UPC-02,PSN7264,PSN7264-ATV-NB1P4,4.36
439,Altervim,TR NB Ph.4,UPC-02,PCB7258,PCB7258-ATV-NB1P5,5.45
440,Altervim,TR NB Ph.4,UPC-02,PCB7259,PCB7259-ATV-NB1P4,4.36
441,Altervim,TR NB Ph.4,UPC-02,PCB7262,PCB7262-ATV-NB1P4,4.36
442,Altervim,TR NB Ph.4,UPC-02,PCB7277,PCB7277-ATV-NB1P4,4.36
443,Altervim,TR NB Ph.4,UPC-02,PCB7278,PCB7278-ATV-NB1P4,4.36
444,Altervim,TR NB Ph.4,UPC-02,SKT8512,SKT8512-ATV-NB1P4,4.36
445,Altervim,TR NB Ph.4,UPC-02,KPP1926,KPP1926-ATV-NB1P5,5.45
446,Altervim,TR NB Ph.4,UPC-02,KPP6717,KPP6717-ATV-NB1P4,4.36
447,Altervim,TR NB Ph.4,UPC-02,PCB3014,PCB3014-ATV-NB1P5,5.45
448,Altervim,TR NB Ph.4,UPC-02,PCB8567,PCB8567-ATV-NB1P4,4.36
449,Altervim,TR NB Ph.4,UPC-02,PSN1522,PSN1522-ATV-NB1P4,4.36
450,Altervim,TR NB Ph.4,UPC-02,PSN8516,PSN8516-ATV-NB1P4,4.36
451,Altervim,TR NB Ph.4,UPC-02,SKT1800,SKT1800-ATV-NB1P5,5.45
452,Altervim,TR NB Ph.4,UPC-02,UTR1924,UTR1924-ATV-NB1P4,4.36
453,Altervim,TR NB Ph.4,UPC-02,TAK7268,TAK7268-ATV-NB1P5,5.45
454,Altervim,TR NB Ph.4,UPC-02,TAK8572,TAK8572-ATV-NB1P4,4.36
455,Altervim,TR NB Ph.4,UPC-02,KPP8527,KPP8527-ATV-NB1P5,5.45
456,Altervim,TR NB Ph.4,UPC-02,UTR1927,UTR1927-ATV-NB1P5,5.45
457,Altervim,TR NB Ph.4,UPC-02,SKT8534,SKT8534-ATV-NB1P4,4.36
458,Altervim,TR NB Ph.4,UPC-02,TAK7110,TAK7110-ATV-NB1P5,5.45
459,Altervim,TR NB Ph.4,UPC-02,PCB6721,PCB6721-ATV-NB1P4,4.36
460,Altervim,TR NB Ph.4,UPC-02,PCT6713,PCT6713-ATV-NB1P5,5.45
461,Altervim,TR NB Ph.4,UPC-02,PSN1935,PSN1935-ATV-NB1P5,5.45
462,Altervim,TR NB Ph.4,UPC-02,KPP8509,KPP8509-ATV-NB1P5,5.45
463,Altervim,TR NB Ph.4,UPC-02,SKT1613,SKT1613-ATV-NB1P4,4.36
464,Altervim,TR NB Ph.4,UPC-02,PCB8509,PCB8509-ATV-NB1P5,5.45
465,Altervim,TR NB Ph.4,UPC-02,TAK8569,TAK8569-ATV-NB1P5,5.45
466,Altervim,TR NB Ph.4,UPC-02,KPP1904,KPP1904-ATV-NB1P4,4.36
467,Altervim,TR NB Ph.4,UPC-02,PCB1614,PCB1614-ATV-NB1P5,5.45
468,Altervim,TR NB Ph.4,UPC-02,PCB6751,PCB6751-ATV-NB1P4,4.36
469,Altervim,TR NB Ph.4,UPC-02,PCB6718,PCB6718-ATV-NB1P4,4.36
470,Altervim,TR NB Ph.4,UPC-02,PCB6732,PCB6732-ATV-NB1P4,4.36
471,Altervim,TR NB Ph.4,UPC-02,PCB6740,PCB6740-ATV-NB1P4,4.36
472,Altervim,TR NB Ph.4,UPC-02,PCB6748,PCB6748-ATV-NB1P4,4.36
473,Altervim,TR NB Ph.4,UPC-02,PCB6750,PCB6750-ATV-NB1P4,4.36
474,Altervim,TR NB Ph.4,UPC-02,PCB6755,PCB6755-ATV-NB1P5,5.45
475,Altervim,TR NB Ph.4,UPC-02,PCB6765,PCB6765-ATV-NB1P4,4.36
476,Altervim,TR NB Ph.4,UPC-02,PCB6768,PCB6768-ATV-NB1P4,4.36
477,Altervim,TR NB Ph.4,UPC-02,PCB6800,PCB6800-ATV-NB1P4,4.36
478,Altervim,TR NB Ph.4,UPC-02,PCB8608,PCB8608-ATV-NB1P5,5.45
479,Altervim,TR NB Ph.4,UPC-02,PCB7158,PCB7158-ATV-NB1P4,4.36
480,Altervim,TR NB Ph.4,UPC-02,PCT1901,PCT1901-ATV-NB1P4,4.36
481,Altervim,TR NB Ph.4,UPC-02,PCT3041,PCT3041-ATV-NB1P4,4.36
482,Altervim,TR NB Ph.4,UPC-02,PCT6704,PCT6704-ATV-NB1P4,4.36
483,Altervim,TR NB Ph.4,UPC-02,PCT6708,PCT6708-ATV-NB1P5,5.45
484,Altervim,TR NB Ph.4,UPC-02,PCT6722,PCT6722-ATV-NB1P4,4.36
485,Altervim,TR NB Ph.4,UPC-02,PCT6771,PCT6771-ATV-NB1P4,4.36
486,Altervim,TR NB Ph.4,UPC-02,PCT8800,PCT8800-ATV-NB1P4,4.36
487,Altervim,TR NB Ph.4,UPC-02,PSN0540,PSN0540-ATV-NB1P4,4.36
488,Altervim,TR NB Ph.4,UPC-02,PSN1601,PSN1601-ATV-NB1P4,4.36
489,Altervim,TR NB Ph.4,UPC-02,PSN2090,PSN2090-ATV-NB1P5,5.45
490,Altervim,TR NB Ph.4,UPC-02,PSN1606,PSN1606-ATV-NB1P4,4.36
491,Altervim,TR NB Ph.4,UPC-02,PSN3130,PSN3130-ATV-NB1P6,6.54
492,Altervim,TR NB Ph.4,UPC-02,PSN6719,PSN6719-ATV-NB1P4,4.36
493,Altervim,TR NB Ph.4,UPC-02,PSN6738,PSN6738-ATV-NB1P4,4.36
494,Altervim,TR NB Ph.4,UPC-02,PSN6740,PSN6740-ATV-NB1P4,4.36
495,Altervim,TR NB Ph.4,UPC-02,PSN6741,PSN6741-ATV-NB1P4,4.36
496,Altervim,TR NB Ph.4,UPC-02,PSN6744,PSN6744-ATV-NB1P4,4.36
497,Altervim,TR NB Ph.4,UPC-02,PSN6797,PSN6797-ATV-NB1P4,4.36
498,Altervim,TR NB Ph.4,UPC-02,SKT6715,SKT6715-ATV-NB1P5,5.45
499,Altervim,TR NB Ph.4,UPC-02,SKT3032,SKT3032-ATV-NB1P5,5.45
500,Altervim,TR NB Ph.4,UPC-02,SKT6711,SKT6711-ATV-NB1P4,4.36
501,Altervim,TR NB Ph.4,UPC-02,SKT6716,SKT6716-ATV-NB1P4,4.36
502,Altervim,TR NB Ph.4,UPC-02,SKT8547,SKT8547-ATV-NB1P5,5.45
503,Altervim,TR NB Ph.4,UPC-02,SKT8801,SKT8801-ATV-NB1P4,4.36
504,Altervim,TR NB Ph.4,UPC-02,TAK1615,TAK1615-ATV-NB1P4,4.36
505,Altervim,TR NB Ph.4,UPC-02,TAK1903,TAK1903-ATV-NB1P5,5.45
506,Altervim,TR NB Ph.4,UPC-02,TAK6749,TAK6749-ATV-NB1P5,5.45
507,Altervim,TR NB Ph.4,UPC-02,TAK6824,TAK6824-ATV-NB1P5,5.45
508,Altervim,TR NB Ph.4,UPC-02,TAK6742,TAK6742-ATV-NB1P4,4.36
509,Altervim,TR NB Ph.4,UPC-02,TAK8566,TAK8566-ATV-NB1P5,5.45
510,Altervim,TR NB Ph.4,UPC-02,SKT7155,SKT7155-ATV-NB1P4,4.36
511,Altervim,TR NB Ph.4,UPC-02,TAK7267,TAK7267-ATV-NB1P4,4.36
512,Altervim,TR NB Ph.4,UPC-02,SKT8515,SKT8515-ATV-NB1P4,4.36
513,Altervim,TR NB Ph.4,UPC-02,UTR8560,UTR8560-ATV-NB1P4,4.36
514,Altervim,TR NB Ph.4,UPC-02,SKT7174,SKT7174-ATV-NB1P4,4.36
515,Altervim,TR NB Ph.4,UPC-02,KPP7182,KPP7182-ATV-NB1P4,4.36
516,Altervim,TR NB Ph.4,UPC-02,PCT7177,PCT7177-ATV-NB1P4,4.36
517,Altervim,TR NB Ph.4,UPC-03,KKN1512,KKN1512-ATV-NB1P5,5.45
518,Altervim,TR NB Ph.4,UPC-03,KKN1619,KKN1619-ATV-NB1P5,5.45
519,Altervim,TR NB Ph.4,UPC-03,KKN1908,KKN1908-ATV-NB1P5,5.45
520,Altervim,TR NB Ph.4,UPC-03,KKN6705,KKN6705-ATV-NB1P5,5.45
521,Altervim,TR NB Ph.4,UPC-03,KKN6708,KKN6708-ATV-NB1P5,5.45
522,Altervim,TR NB Ph.4,UPC-03,KKN8556,KKN8556-ATV-NB1P5,5.45
523,Altervim,TR NB Ph.4,UPC-03,LOI1623,LOI1623-ATV-NB1P5,5.45
524,Altervim,TR NB Ph.4,UPC-03,LOI6751,LOI6751-ATV-NB1P5,5.45
525,Altervim,TR NB Ph.4,UPC-03,NBL6711,NBL6711-ATV-NB1P4,4.36
526,Altervim,TR NB Ph.4,UPC-03,NBL6736,NBL6736-ATV-NB1P4,4.36
527,Altervim,TR NB Ph.4,UPC-03,NKP6717,NKP6717-ATV-NB1P5,5.45
528,Altervim,TR NB Ph.4,UPC-03,NKP6722,NKP6722-ATV-NB1P5,5.45
529,Altervim,TR NB Ph.4,UPC-03,NKP6723,NKP6723-ATV-NB1P5,5.45
530,Altervim,TR NB Ph.4,UPC-03,NKP6727,NKP6727-ATV-NB1P5,5.45
531,Altervim,TR NB Ph.4,UPC-03,NKP6732,NKP6732-ATV-NB1P5,5.45
532,Altervim,TR NB Ph.4,UPC-03,SKN1954,SKN1954-ATV-NB1P5,5.45
533,Altervim,TR NB Ph.4,UPC-03,SKN6701,SKN6701-ATV-NB1P5,5.45
534,Altervim,TR NB Ph.4,UPC-03,SKN6731,SKN6731-ATV-NB1P5,5.45
535,Altervim,TR NB Ph.4,UPC-03,UDT1621,UDT1621-ATV-NB1P4,4.36
536,Altervim,TR NB Ph.4,UPC-03,UDT1622,UDT1622-ATV-NB1P5,5.45
537,Altervim,TR NB Ph.4,UPC-03,UDT1922,UDT1922-ATV-NB1P5,5.45
538,Altervim,TR NB Ph.4,UPC-03,UDT1931,UDT1931-ATV-NB1P5,5.45
539,Altervim,TR NB Ph.4,UPC-03,UDT1933,UDT1933-ATV-NB1P5,5.45
540,Altervim,TR NB Ph.4,UPC-03,UDT1979,UDT1979-ATV-NB1P5,5.45
541,Altervim,TR NB Ph.4,UPC-03,UDT6720,UDT6720-ATV-NB1P5,5.45
542,Altervim,TR NB Ph.4,UPC-03,UDT6747,UDT6747-ATV-NB1P5,5.45
543,Altervim,TR NB Ph.4,UPC-03,UDT6760,UDT6760-ATV-NB1P5,5.45
544,Altervim,TR NB Ph.4,UPC-03,LOI1603,LOI1603-ATV-NB1P5,5.45
545,Altervim,TR NB Ph.4,UPC-03,KKN1977,KKN1977-ATV-NB1P5,5.45
546,Altervim,TR NB Ph.4,UPC-03,KLS6743,KLS6743-ATV-NB1P4,4.36
547,Altervim,TR NB Ph.4,UPC-03,LOI1622,LOI1622-ATV-NB1P5,5.45
548,Altervim,TR NB Ph.4,UPC-03,UDT1603,UDT1603-ATV-NB1P5,5.45
549,Altervim,TR NB Ph.4,UPC-03,KKN1609,KKN1609-ATV-NB1P5,5.45
550,Altervim,TR NB Ph.4,UPC-03,KKN1913,KKN1913-ATV-NB1P5,5.45
551,Altervim,TR NB Ph.4,UPC-03,KKN1926,KKN1926-ATV-NB1P5,5.45
552,Altervim,TR NB Ph.4,UPC-03,KKN1970,KKN1970-ATV-NB1P5,5.45
553,Altervim,TR NB Ph.4,UPC-03,KKN1983,KKN1983-ATV-NB1P5,5.45
554,Altervim,TR NB Ph.4,UPC-03,KKN6702,KKN6702-ATV-NB1P5,5.45
555,Altervim,TR NB Ph.4,UPC-03,KKN6717,KKN6717-ATV-NB1P5,5.45
556,Altervim,TR NB Ph.4,UPC-03,KKN6727,KKN6727-ATV-NB1P5,5.45
557,Altervim,TR NB Ph.4,UPC-03,KKN6730,KKN6730-ATV-NB1P5,5.45
558,Altervim,TR NB Ph.4,UPC-03,KKN6731,KKN6731-ATV-NB1P5,5.45
559,Altervim,TR NB Ph.4,UPC-03,KKN6736,KKN6736-ATV-NB1P5,5.45
560,Altervim,TR NB Ph.4,UPC-03,KKN6739,KKN6739-ATV-NB1P5,5.45
561,Altervim,TR NB Ph.4,UPC-03,KKN6750,KKN6750-ATV-NB1P5,5.45
562,Altervim,TR NB Ph.4,UPC-03,KKN6757,KKN6757-ATV-NB1P5,5.45
563,Altervim,TR NB Ph.4,UPC-03,KKN6760,KKN6760-ATV-NB1P5,5.45
564,Altervim,TR NB Ph.4,UPC-03,KKN6762,KKN6762-ATV-NB1P5,5.45
565,Altervim,TR NB Ph.4,UPC-03,KKN6764,KKN6764-ATV-NB1P5,5.45
566,Altervim,TR NB Ph.4,UPC-03,KKN6771,KKN6771-ATV-NB1P5,5.45
567,Altervim,TR NB Ph.4,UPC-03,KKN6775,KKN6775-ATV-NB1P5,5.45
568,Altervim,TR NB Ph.4,UPC-03,KKN6784,KKN6784-ATV-NB1P5,5.45
569,Altervim,TR NB Ph.4,UPC-03,KKN6785,KKN6785-ATV-NB1P5,5.45
570,Altervim,TR NB Ph.4,UPC-03,KKN6786,KKN6786-ATV-NB1P5,5.45
571,Altervim,TR NB Ph.4,UPC-03,KKN6789,KKN6789-ATV-NB1P5,5.45
572,Altervim,TR NB Ph.4,UPC-03,KKN6792,KKN6792-ATV-NB1P5,5.45
573,Altervim,TR NB Ph.4,UPC-03,KKN1519,KKN1519-ATV-NB1P5,5.45
574,Altervim,TR NB Ph.4,UPC-03,KKN1616,KKN1616-ATV-NB1P5,5.45
575,Altervim,TR NB Ph.4,UPC-03,KKN1801,KKN1801-ATV-NB1P5,5.45
576,Altervim,TR NB Ph.4,UPC-03,KKN1966,KKN1966-ATV-NB1P5,5.45
577,Altervim,TR NB Ph.4,UPC-03,KKN1975,KKN1975-ATV-NB1P5,5.45
578,Altervim,TR NB Ph.4,UPC-03,KKN6725,KKN6725-ATV-NB1P5,5.45
579,Altervim,TR NB Ph.4,UPC-03,KKN6738,KKN6738-ATV-NB1P5,5.45
580,Altervim,TR NB Ph.4,UPC-03,KKN6749,KKN6749-ATV-NB1P5,5.45
581,Altervim,TR NB Ph.4,UPC-03,KKN6770,KKN6770-ATV-NB1P5,5.45
582,Altervim,TR NB Ph.4,UPC-03,LOI1601,LOI1601-ATV-NB1P5,5.45
583,Altervim,TR NB Ph.4,UPC-03,LOI1624,LOI1624-ATV-NB1P5,5.45
584,Altervim,TR NB Ph.4,UPC-03,LOI6702,LOI6702-ATV-NB1P5,5.45
585,Altervim,TR NB Ph.4,UPC-03,LOI6716,LOI6716-ATV-NB1P5,5.45
586,Altervim,TR NB Ph.4,UPC-03,LOI6722,LOI6722-ATV-NB1P5,5.45
587,Altervim,TR NB Ph.4,UPC-03,LOI6725,LOI6725-ATV-NB1P5,5.45
588,Altervim,TR NB Ph.4,UPC-03,LOI6732,LOI6732-ATV-NB1P5,5.45
589,Altervim,TR NB Ph.4,UPC-03,LOI6748,LOI6748-ATV-NB1P5,5.45
590,Altervim,TR NB Ph.4,UPC-03,LOI6750,LOI6750-ATV-NB1P5,5.45
591,Altervim,TR NB Ph.4,UPC-03,LOI6765,LOI6765-ATV-NB1P5,5.45
592,Altervim,TR NB Ph.4,UPC-03,LOI6737,LOI6737-ATV-NB1P5,5.45
593,Altervim,TR NB Ph.4,UPC-03,LOI6753,LOI6753-ATV-NB1P5,5.45
594,Altervim,TR NB Ph.4,UPC-03,LOI6758,LOI6758-ATV-NB1P5,5.45
595,Altervim,TR NB Ph.4,UPC-03,LOI6762,LOI6762-ATV-NB1P5,5.45
596,Altervim,TR NB Ph.4,UPC-03,LOI6774,LOI6774-ATV-NB1P5,5.45
597,Altervim,TR NB Ph.4,UPC-03,NBL6709,NBL6709-ATV-NB1P5,5.45
598,Altervim,TR NB Ph.4,UPC-03,NBL6713,NBL6713-ATV-NB1P5,5.45
599,Altervim,TR NB Ph.4,UPC-03,NBL6722,NBL6722-ATV-NB1P5,5.45
600,Altervim,TR NB Ph.4,UPC-03,NKI1622,NKI1622-ATV-NB1P5,5.45
601,Altervim,TR NB Ph.4,UPC-03,NKI1900,NKI1900-ATV-NB1P5,5.45
602,Altervim,TR NB Ph.4,UPC-03,NKI1902,NKI1902-ATV-NB1P5,5.45
603,Altervim,TR NB Ph.4,UPC-03,NKI1904,NKI1904-ATV-NB1P5,5.45
604,Altervim,TR NB Ph.4,UPC-03,NKI1913,NKI1913-ATV-NB1P5,5.45
605,Altervim,TR NB Ph.4,UPC-03,NKI1940,NKI1940-ATV-NB1P5,5.45
606,Altervim,TR NB Ph.4,UPC-03,NKI6728,NKI6728-ATV-NB1P5,5.45
607,Altervim,TR NB Ph.4,UPC-03,NKI6743,NKI6743-ATV-NB1P5,5.45
608,Altervim,TR NB Ph.4,UPC-03,NKP1912,NKP1912-ATV-NB1P5,5.45
609,Altervim,TR NB Ph.4,UPC-03,NKP1921,NKP1921-ATV-NB1P5,5.45
610,Altervim,TR NB Ph.4,UPC-03,NBL6706,NBL6706-ATV-NB1P5,5.45
611,Altervim,TR NB Ph.4,UPC-03,NBL6730,NBL6730-ATV-NB1P5,5.45
612,Altervim,TR NB Ph.4,UPC-03,NKP6703,NKP6703-ATV-NB1P5,5.45
613,Altervim,TR NB Ph.4,UPC-03,NKP6705,NKP6705-ATV-NB1P5,5.45
614,Altervim,TR NB Ph.4,UPC-03,NKP6706,NKP6706-ATV-NB1P5,5.45
615,Altervim,TR NB Ph.4,UPC-03,NKP6712,NKP6712-ATV-NB1P5,5.45
616,Altervim,TR NB Ph.4,UPC-03,NKP6714,NKP6714-ATV-NB1P5,5.45
617,Altervim,TR NB Ph.4,UPC-03,NKP6715,NKP6715-ATV-NB1P5,5.45
618,Altervim,TR NB Ph.4,UPC-03,NKP6737,NKP6737-ATV-NB1P5,5.45
619,Altervim,TR NB Ph.4,UPC-03,NKP6739,NKP6739-ATV-NB1P5,5.45
620,Altervim,TR NB Ph.4,UPC-03,NKI6752,NKI6752-ATV-NB1P5,5.45
621,Altervim,TR NB Ph.4,UPC-03,NKI8518,NKI8518-ATV-NB1P4,4.36
622,Altervim,TR NB Ph.4,UPC-03,NKP1801,NKP1801-ATV-NB1P5,5.45
623,Altervim,TR NB Ph.4,UPC-03,NKP6719,NKP6719-ATV-NB1P5,5.45
624,Altervim,TR NB Ph.4,UPC-03,NKP6728,NKP6728-ATV-NB1P5,5.45
625,Altervim,TR NB Ph.4,UPC-03,SKN1609,SKN1609-ATV-NB1P5,5.45
626,Altervim,TR NB Ph.4,UPC-03,SKN1907,SKN1907-ATV-NB1P5,5.45
627,Altervim,TR NB Ph.4,UPC-03,SKN1920,SKN1920-ATV-NB1P5,5.45
628,Altervim,TR NB Ph.4,UPC-03,SKN1931,SKN1931-ATV-NB1P5,5.45
629,Altervim,TR NB Ph.4,UPC-03,SKN1948,SKN1948-ATV-NB1P5,5.45
630,Altervim,TR NB Ph.4,UPC-03,SKN1950,SKN1950-ATV-NB1P5,5.45
631,Altervim,TR NB Ph.4,UPC-03,SKN6700,SKN6700-ATV-NB1P5,5.45
632,Altervim,TR NB Ph.4,UPC-03,SKN6702,SKN6702-ATV-NB1P5,5.45
633,Altervim,TR NB Ph.4,UPC-03,SKN6708,SKN6708-ATV-NB1P5,5.45
634,Altervim,TR NB Ph.4,UPC-03,SKN6714,SKN6714-ATV-NB1P5,5.45
635,Altervim,TR NB Ph.4,UPC-03,SKN6716,SKN6716-ATV-NB1P5,5.45
636,Altervim,TR NB Ph.4,UPC-03,SKN6718,SKN6718-ATV-NB1P5,5.45
637,Altervim,TR NB Ph.4,UPC-03,SKN6719,SKN6719-ATV-NB1P5,5.45
638,Altervim,TR NB Ph.4,UPC-03,SKN6726,SKN6726-ATV-NB1P5,5.45
639,Altervim,TR NB Ph.4,UPC-03,SKN6727,SKN6727-ATV-NB1P5,5.45
640,Altervim,TR NB Ph.4,UPC-03,SKN6747,SKN6747-ATV-NB1P5,5.45
641,Altervim,TR NB Ph.4,UPC-03,SKN6748,SKN6748-ATV-NB1P5,5.45
642,Altervim,TR NB Ph.4,UPC-03,SKN6813,SKN6813-ATV-NB1P5,5.45
643,Altervim,TR NB Ph.4,UPC-03,SKN8519,SKN8519-ATV-NB1P5,5.45
644,Altervim,TR NB Ph.4,UPC-03,SKN1943,SKN1943-ATV-NB1P5,5.45
645,Altervim,TR NB Ph.4,UPC-03,SKN1947,SKN1947-ATV-NB1P5,5.45
646,Altervim,TR NB Ph.4,UPC-03,SKN6729,SKN6729-ATV-NB1P5,5.45
647,Altervim,TR NB Ph.4,UPC-03,SKN6739,SKN6739-ATV-NB1P5,5.45
648,Altervim,TR NB Ph.4,UPC-03,SKN6741,SKN6741-ATV-NB1P5,5.45
649,Altervim,TR NB Ph.4,UPC-03,SKN6752,SKN6752-ATV-NB1P5,5.45
650,Altervim,TR NB Ph.4,UPC-03,SKN6765,SKN6765-ATV-NB1P5,5.45
651,Altervim,TR NB Ph.4,UPC-03,UDT0052,UDT0052-ATV-NB1P5,5.45
652,Altervim,TR NB Ph.4,UPC-03,UDT1619,UDT1619-ATV-NB1P5,5.45
653,Altervim,TR NB Ph.4,UPC-03,UDT1909,UDT1909-ATV-NB1P5,5.45
654,Altervim,TR NB Ph.4,UPC-03,UDT1919,UDT1919-ATV-NB1P5,5.45
655,Altervim,TR NB Ph.4,UPC-03,UDT1980,UDT1980-ATV-NB1P5,5.45
656,Altervim,TR NB Ph.4,UPC-03,UDT1992,UDT1992-ATV-NB1P5,5.45
657,Altervim,TR NB Ph.4,UPC-03,UDT1995,UDT1995-ATV-NB1P5,5.45
658,Altervim,TR NB Ph.4,UPC-03,UDT1996,UDT1996-ATV-NB1P5,5.45
659,Altervim,TR NB Ph.4,UPC-03,UDT1997,UDT1997-ATV-NB1P5,5.45
660,Altervim,TR NB Ph.4,UPC-03,UDT1999,UDT1999-ATV-NB1P5,5.45
661,Altervim,TR NB Ph.4,UPC-03,UDT6705,UDT6705-ATV-NB1P5,5.45
662,Altervim,TR NB Ph.4,UPC-03,UDT6712,UDT6712-ATV-NB1P5,5.45
663,Altervim,TR NB Ph.4,UPC-03,UDT6718,UDT6718-ATV-NB1P5,5.45
664,Altervim,TR NB Ph.4,UPC-03,UDT6721,UDT6721-ATV-NB1P5,5.45
665,Altervim,TR NB Ph.4,UPC-03,UDT6732,UDT6732-ATV-NB1P5,5.45
666,Altervim,TR NB Ph.4,UPC-03,UDT6737,UDT6737-ATV-NB1P5,5.45
667,Altervim,TR NB Ph.4,UPC-03,UDT1602,UDT1602-ATV-NB1P5,5.45
668,Altervim,TR NB Ph.4,UPC-03,UDT1927,UDT1927-ATV-NB1P5,5.45
669,Altervim,TR NB Ph.4,UPC-03,UDT1961,UDT1961-ATV-NB1P5,5.45
670,Altervim,TR NB Ph.4,UPC-03,UDT1971,UDT1971-ATV-NB1P5,5.45
671,Altervim,TR NB Ph.4,UPC-03,UDT3024,UDT3024-ATV-NB1P5,5.45
672,Altervim,TR NB Ph.4,UPC-03,UDT6761,UDT6761-ATV-NB1P5,5.45
673,Altervim,TR NB Ph.4,UPC-03,KKN8668,KKN8668-ATV-NB1P4,4.36
674,Altervim,TR NB Ph.4,UPC-03,UDT1905,UDT1905-ATV-NB1P5,5.45
675,Altervim,TR NB Ph.4,UPC-03,LOI1637,LOI1637-ATV-NB1P5,5.45
676,Altervim,TR NB Ph.4,UPC-03,KKN8626,KKN8626-ATV-NB1P5,5.45
677,Altervim,TR NB Ph.4,UPC-03,KLS1614,KLS1614-ATV-NB1P5,5.45
678,Altervim,TR NB Ph.4,UPC-03,KLS1914,KLS1914-ATV-NB1P4,4.36
679,Altervim,TR NB Ph.4,UPC-03,KLS1931,KLS1931-ATV-NB1P5,5.45
680,Altervim,TR NB Ph.4,UPC-03,LOI6744,LOI6744-ATV-NB1P5,5.45
681,Altervim,TR NB Ph.4,UPC-03,NBL6738,NBL6738-ATV-NB1P4,4.36
682,Altervim,TR NB Ph.4,UPC-03,SKN1941,SKN1941-ATV-NB1P4,4.36
683,Altervim,TR NB Ph.4,UPC-03,SKN8534,SKN8534-ATV-NB1P4,4.36
684,Altervim,TR NB Ph.4,UPC-03,KKN8576,KKN8576-ATV-NB1P5,5.45
685,Altervim,TR NB Ph.4,UPC-03,UDT8514,UDT8514-ATV-NB1P5,5.45
686,Altervim,TR NB Ph.4,UPC-03,SKN8518,SKN8518-ATV-NB1P4,4.36
687,Altervim,TR NB Ph.4,UPC-03,KLS8514,KLS8514-ATV-NB1P4,4.36
688,Altervim,TR NB Ph.4,UPC-03,SKN8528,SKN8528-ATV-NB1P5,5.45
689,Altervim,TR NB Ph.4,UPC-03,NKP7275,NKP7275-ATV-NB1P4,4.36
690,Altervim,TR NB Ph.4,UPC-03,KKN8557,KKN8557-ATV-NB1P5,5.45
691,Altervim,TR NB Ph.4,UPC-03,KLS1936,KLS1936-ATV-NB1P5,5.45
692,Altervim,TR NB Ph.4,UPC-03,KLS6708,KLS6708-ATV-NB1P4,4.36
693,Altervim,TR NB Ph.4,UPC-03,KLS7107,KLS7107-ATV-NB1P4,4.36
694,Altervim,TR NB Ph.4,UPC-03,NKP6729,NKP6729-ATV-NB1P5,5.45
695,Altervim,TR NB Ph.4,UPC-03,BKN6758,BKN6758-ATV-NB1P5,5.45
696,Altervim,TR NB Ph.4,UPC-03,BKN1615,BKN1615-ATV-NB1P5,5.45
697,Altervim,TR NB Ph.4,UPC-03,BKN6735,BKN6735-ATV-NB1P4,4.36
698,Altervim,TR NB Ph.4,UPC-03,KLS1620,KLS1620-ATV-NB1P5,5.45
699,Altervim,TR NB Ph.4,UPC-03,LOI1617,LOI1617-ATV-NB1P4,4.36
700,Altervim,TR NB Ph.4,UPC-03,LOI7106,LOI7106,4.36
701,Altervim,TR NB Ph.4,UPC-03,NKI6702,NKI6702-ATV-NB1P4,4.36
702,Altervim,TR NB Ph.4,UPC-03,SKN6735,SKN6735-ATV-NB1P4,4.36
703,Altervim,TR NB Ph.4,UPC-03,UDT8537,UDT8537-ATV-NB1P4,4.36
704,Altervim,TR NB Ph.4,UPC-03,NKI8511,NKI8511-ATV-NB1P4,4.36
705,Altervim,TR NB Ph.4,UPC-03,KLS7169,KLS7169-ATV-NB1P5,5.45
706,Altervim,TR NB Ph.4,UPC-04,BRR2425,BRR2425-ATV-NB1P5,5.45
707,Altervim,TR NB Ph.4,UPC-04,NKR1631,NKR1631-ATV-NB1P5,5.45
708,Altervim,TR NB Ph.4,UPC-04,NKR1645,NKR1645-ATV-NB1P5,5.45
709,Altervim,TR NB Ph.4,UPC-04,BRR8517,BRR8517-ATV-NB1P5,5.45
710,Altervim,TR NB Ph.4,UPC-04,NKR8614,NKR8614-ATV-NB1P5,5.45
711,Altervim,TR NB Ph.4,UPC-04,NKR8667,NKR8667-ATV-NB1P5,5.45
712,Altervim,TR NB Ph.4,UPC-04,SRN1629,SRN1629-ATV-NB1P5,5.45
713,Altervim,TR NB Ph.4,UPC-04,BRR6779,BRR6779-ATV-NB1P5,5.45
714,Altervim,TR NB Ph.4,UPC-04,BRR8506,BRR8506-ATV-NB1P5,5.45
715,Altervim,TR NB Ph.4,UPC-04,CYP6770,CYP6770-ATV-NB1P5,5.45
716,Altervim,TR NB Ph.4,UPC-04,SRN1615,SRN1615-ATV-NB1P4,4.36
717,Altervim,TR NB Ph.4,UPC-04,NKR0047,NKR0047-ATV-NB1P4,4.36
718,Altervim,TR NB Ph.4,UPC-04,BRR1602,BRR1602-ATV-NB1P4,4.36
719,Altervim,TR NB Ph.4,UPC-04,CYP1938,CYP1938-ATV-NB1P4,4.36
720,Altervim,TR NB Ph.4,UPC-04,CYP6704,CYP6704-ATV-NB1P4,4.36
721,Altervim,TR NB Ph.4,UPC-04,CYP1941,CYP1941-ATV-NB1P5,5.45
722,Altervim,TR NB Ph.4,UPC-04,CYP8506,CYP8506-ATV-NB1P5,5.45
723,Altervim,TR NB Ph.4,UPC-04,SRN8507,SRN8507-ATV-NB1P5,5.45
724,Altervim,TR NB Ph.4,UPC-04,BRR8524,BRR8524-ATV-NB1P5,5.45
725,Altervim,TR NB Ph.4,UPC-04,BRR8567,BRR8567-ATV-NB1P5,5.45
726,Altervim,TR NB Ph.4,UPC-04,CYP8508,CYP8508-ATV-NB1P4,4.36
727,Altervim,TR NB Ph.4,UPC-04,CYP8558,CYP8558-ATV-NB1P4,4.36
728,Altervim,TR NB Ph.4,UPC-04,NKR0021,NKR0021-ATV-NB1P4,4.36
729,Altervim,TR NB Ph.4,UPC-04,NKR1800,NKR1800-ATV-NB1P5,5.45
730,Altervim,TR NB Ph.4,UPC-04,NKR7001,NKR7001-ATV-NB1P4,4.36
731,Altervim,TR NB Ph.4,UPC-04,SRN1620,SRN1620-ATV-NB1P5,5.45
732,Altervim,TR NB Ph.4,UPC-04,SRN1624,SRN1624-ATV-NB1P5,5.45
733,Altervim,TR NB Ph.4,UPC-04,SRN8523,SRN8523-ATV-NB1P5,5.45
734,Altervim,TR NB Ph.4,UPC-04,NKR8577,NKR8577-ATV-NB1P5,5.45
735,Altervim,TR NB Ph.4,UPC-04,NKR8585,NKR8585-ATV-NB1P4,4.36
736,Altervim,TR NB Ph.4,UPC-04,BRR8514,BRR8514-ATV-NB1P5,5.45
737,Altervim,TR NB Ph.4,UPC-04,BRR8532,BRR8532-ATV-NB1P4,4.36
738,Altervim,TR NB Ph.4,UPC-04,BRR8518,BRR8518-ATV-NB1P4,4.36
739,Altervim,TR NB Ph.4,UPC-04,BRR8509,BRR8509-ATV-NB1P4,4.36
740,Altervim,TR NB Ph.4,UPC-04,NKR8664,NKR8664-ATV-NB1P5,5.45
741,Altervim,TR NB Ph.4,UPC-04,NKR8582,NKR8582-ATV-NB1P5,5.45
742,Altervim,TR NB Ph.4,UPC-04,CYP8530,CYP8530-ATV-NB1P4,4.36
743,Altervim,TR NB Ph.4,UPC-04,CYP8560,CYP8560-ATV-NB1P4,4.36
744,Altervim,TR NB Ph.4,UPC-04,BRR7929,BRR7929-ATV-NB1P5,5.45
745,Altervim,TR NB Ph.4,UPC-04,SRN8569,SRN8569-ATV-NB1P4,4.36
746,Altervim,TR NB Ph.4,UPC-04,BRR1616,BRR1616-ATV-NB1P4,4.36
747,Altervim,TR NB Ph.4,UPC-04,BRR1629,BRR1629-ATV-NB1P4,4.36
748,Altervim,TR NB Ph.4,UPC-04,BRR1623,BRR1623-ATV-NB1P4,4.36
749,Altervim,TR NB Ph.4,UPC-04,BRR6765,BRR6765-ATV-NB1P4,4.36
750,Altervim,TR NB Ph.4,UPC-04,CYP8501,CYP8501-ATV-NB1P4,4.36
751,Altervim,TR NB Ph.4,UPC-04,CYP1912,CYP1912-ATV-NB1P4,4.36
752,Altervim,TR NB Ph.4,UPC-04,CYP6706,CYP6706-ATV-NB1P4,4.36
753,Altervim,TR NB Ph.4,UPC-04,CYP6774,CYP6774-ATV-NB1P4,4.36
754,Altervim,TR NB Ph.4,UPC-04,NKR1913,NKR1913-ATV-NB1P5,5.45
755,Altervim,TR NB Ph.4,UPC-04,NKR6710,NKR6710-ATV-NB1P5,5.45
756,Altervim,TR NB Ph.4,UPC-04,SRN1901,SRN1901-ATV-NB1P5,5.45
757,Altervim,TR NB Ph.4,UPC-04,SRN6738,SRN6738-ATV-NB1P4,4.36
758,Altervim,TR NB Ph.4,UPC-04,BRR8522,BRR8522-ATV-NB1P4,4.36
759,Altervim,TR NB Ph.4,UPC-04,BRR7918,BRR7918-ATV-NB1P4,4.36
760,Altervim,TR NB Ph.4,UPC-04,NKR1661,NKR1661-ATV-NB1P4,4.36
761,Altervim,TR NB Ph.4,UPC-05,CBR7920,CBR7920-ATV-NB1P5,5.45
762,Altervim,TR NB Ph.4,UPC-05,CBR0510,CBR0510-ATV-NB1P5,5.45
763,Altervim,TR NB Ph.4,UPC-05,CBR1607,CBR1607-ATV-NB1P5,5.45
764,Altervim,TR NB Ph.4,UPC-05,CBR2016,CBR2016-ATV-NB1P5,5.45
765,Altervim,TR NB Ph.4,UPC-05,CBR4012,CBR4012-ATV-NB1P5,5.45
766,Altervim,TR NB Ph.4,UPC-05,CBR8694,CBR8694-ATV-NB1P5,5.45
767,Altervim,TR NB Ph.4,UPC-05,CBR8759,CBR8759-ATV-NB1P5,5.45
768,Altervim,TR NB Ph.4,UPC-05,CBR8790,CBR8790-ATV-NB1P5,5.45
769,Altervim,TR NB Ph.4,UPC-05,CCS8620,CCS8620-ATV-NB1P5,5.45
770,Altervim,TR NB Ph.4,UPC-05,RYG1635,RYG1635-ATV-NB1P4,4.36
771,Altervim,TR NB Ph.4,UPC-05,RYG1652,RYG1652-ATV-NB1P5,5.45
772,Altervim,TR NB Ph.4,UPC-05,RYG4011,RYG4011-ATV-NB1P5,5.45
773,Altervim,TR NB Ph.4,UPC-05,RYG6750,RYG6750-ATV-NB1P5,5.45
774,Altervim,TR NB Ph.4,UPC-05,RYG7105,RYG7105-ATV-NB1P4,4.36
775,Altervim,TR NB Ph.4,UPC-05,RYG7108,RYG7108-ATV-NB1P5,5.45
776,Altervim,TR NB Ph.4,UPC-05,RYG8548,RYG8548-ATV-NB1P5,5.45
777,Altervim,TR NB Ph.4,UPC-05,RYG8552,RYG8552-ATV-NB1P5,5.45
778,Altervim,TR NB Ph.4,UPC-05,CBR6803,CBR6803-ATV-NB1P4,4.36
779,Altervim,TR NB Ph.4,UPC-05,PCR6758,PCR6758-ATV-NB1P5,5.45
780,Altervim,TR NB Ph.4,UPC-05,RYG6762,RYG6762-ATV-NB1P4,4.36
781,Altervim,TR NB Ph.4,UPC-05,CBR8735,CBR8735-ATV-NB1P5,5.45
782,Altervim,TR NB Ph.4,UPC-05,CCS1641,CCS1641-ATV-NB1P5,5.45
783,Altervim,TR NB Ph.4,UPC-05,CCS8582,CCS8582-ATV-NB1P5,5.45
784,Altervim,TR NB Ph.4,UPC-05,CTB8518,CTB8518-ATV-NB1P4,4.36
785,Altervim,TR NB Ph.4,UPC-05,NKN6710,NKN6710-ATV-NB1P5,5.45
786,Altervim,TR NB Ph.4,UPC-05,CBR8705,CBR8705-ATV-NB1P4,4.36
787,Altervim,TR NB Ph.4,UPC-05,CCS7163,CCS7163-ATV-NB1P4,4.36
788,Altervim,TR NB Ph.4,UPC-05,CBR6718,CBR6718-ATV-NB1P4,4.36
789,Altervim,TR NB Ph.4,UPC-05,CBR8567,CBR8567-ATV-NB1P5,5.45
790,Altervim,TR NB Ph.4,UPC-05,NKN6704,NKN6704-ATV-NB1P4,4.36
791,Altervim,TR NB Ph.4,UPC-05,PCR1639,PCR1639-ATV-NB1P4,4.36
792,Altervim,TR NB Ph.4,UPC-05,PCR8532,PCR8532-ATV-NB1P5,5.45
793,Altervim,TR NB Ph.4,UPC-05,PCR8545,PCR8545-ATV-NB1P4,4.36
794,Altervim,TR NB Ph.4,UPC-05,RYG1602,RYG1602-ATV-NB1P5,5.45
795,Altervim,TR NB Ph.4,UPC-05,RYG8541,RYG8541-ATV-NB1P5,5.45
796,Altervim,TR NB Ph.4,UPC-05,SKO1825,SKO1825-ATV-NB1P5,5.45
797,Altervim,TR NB Ph.4,UPC-05,SKO6778,SKO6778-ATV-NB1P4,4.36
798,Altervim,TR NB Ph.4,UPC-05,CBR7971,CBR7971-ATV-NB1P5,5.45
799,Altervim,TR NB Ph.4,UPC-05,TRT3148,TRT3148-ATV-NB1P4,4.36
800,Altervim,TR NB Ph.4,UPC-05,TRT1823,TRT1823-ATV-NB1P4,4.36
801,Altervim,TR NB Ph.4,UPC-05,CBR7024,CBR7024-ATV-NB1P4,4.36
802,Altervim,TR NB Ph.4,UPC-05,CTB1806,CTB1806-ATV-NB1P4,4.36
803,Altervim,TR NB Ph.4,UPC-05,NKN1820,NKN1820-ATV-NB1P4,4.36
804,Altervim,TR NB Ph.4,UPC-05,TRT6735,TRT6735-ATV-NB1P4,4.36
805,Altervim,TR NB Ph.4,UPC-05,CBR3012,CBR3012-ATV-NB1P5,5.45
806,Altervim,TR NB Ph.4,UPC-05,CBR6736,CBR6736-ATV-NB1P5,5.45
807,Altervim,TR NB Ph.4,UPC-05,CBR8709,CBR8709-ATV-NB1P5,5.45
808,Altervim,TR NB Ph.4,UPC-05,CTB8535,CTB8535-ATV-NB1P5,5.45
809,Altervim,TR NB Ph.4,UPC-05,NKN1601,NKN1601-ATV-NB1P5,5.45
810,Altervim,TR NB Ph.4,UPC-05,PCR1637,PCR1637-ATV-NB1P5,5.45
811,Altervim,TR NB Ph.4,UPC-05,PCR1871,PCR1871-ATV-NB1P5,5.45
812,Altervim,TR NB Ph.4,UPC-05,RYG1631,RYG1631-ATV-NB1P5,5.45
813,Altervim,TR NB Ph.4,UPC-05,RYG1821,RYG1821-ATV-NB1P5,5.45
814,Altervim,TR NB Ph.4,UPC-05,RYG8523,RYG8523-ATV-NB1P5,5.45
815,Altervim,TR NB Ph.4,UPC-05,CCS8552,CCS8552-ATV-NB1P5,5.45
816,Altervim,TR NB Ph.4,UPC-05,CCS8565,CCS8565-ATV-NB1P5,5.45
817,Altervim,TR NB Ph.4,UPC-05,PCR7215,PCR7215-ATV-NB1P5,5.45
818,Altervim,TR NB Ph.4,UPC-05,CBR4024,CBR4024-ATV-NB1P4,4.36
819,Altervim,TR NB Ph.4,UPC-05,CBR4015,CBR4015-ATV-NB1P4,4.36
820,Altervim,TR NB Ph.4,UPC-05,CCS6713,CCS6713-ATV-NB1P4,4.36
821,Altervim,TR NB Ph.4,UPC-05,CCS8531,CCS8531-ATV-NB1P5,5.45
822,Altervim,TR NB Ph.4,UPC-05,NKN1860,NKN1860-ATV-NB1P4,4.36
823,Altervim,TR NB Ph.4,UPC-05,NKN3052,NKN3052-ATV-NB1P4,4.36
824,Altervim,TR NB Ph.4,UPC-05,PCR2022,PCR2022-ATV-NB1P5,5.45
825,Altervim,TR NB Ph.4,UPC-05,PCR8533,PCR8533-ATV-NB1P4,4.36
826,Altervim,TR NB Ph.4,UPC-05,RYG0051,RYG0051-ATV-NB1P5,5.45
827,Altervim,TR NB Ph.4,UPC-05,RYG2501,RYG2501-ATV-NB1P4,4.36
828,Altervim,TR NB Ph.4,UPC-05,RYG8519,RYG8519-ATV-NB1P4,4.36
829,Altervim,TR NB Ph.4,UPC-05,RYG8575,RYG8575-ATV-NB1P4,4.36
830,Altervim,TR NB Ph.4,UPC-05,SKO6717,SKO6717-ATV-NB1P4,4.36
831,Altervim,TR NB Ph.4,UPC-05,SKO6791,SKO6791-ATV-NB1P5,5.45
832,Altervim,TR NB Ph.4,UPC-05,CBR8710,CBR8710-ATV-NB1P4,4.36
833,Altervim,TR NB Ph.4,UPC-05,CCS8583,CCS8583-ATV-NB1P5,5.45
834,Altervim,TR NB Ph.4,UPC-05,CBR8677,CBR8677-ATV-NB1P4,4.36
835,Altervim,TR NB Ph.4,UPC-05,CBR8684,CBR8684-ATV-NB1P5,5.45
836,Altervim,TR NB Ph.4,UPC-05,CBR8754,CBR8754-ATV-NB1P5,5.45
837,Altervim,TR NB Ph.4,UPC-05,RYG7167,RYG7167-ATV-NB1P4,4.36
838,Altervim,TR NB Ph.4,UPC-05,CBR7608,CBR7608-ATV-NB1P4,4.36
839,Altervim,TR NB Ph.4,UPC-05,TRT8500,TRT8500-ATV-NB1P5,5.45
840,Altervim,TR NB Ph.4,UPC-05,NKN6009,NKN6009-ATV-NB1P4,4.36
841,Altervim,TR NB Ph.4,UPC-05,CCS0003,CCS0003-ATV-NB1P6,6.54
842,Altervim,TR NB Ph.4,UPC-05,CCS1601,CCS1601-ATV-NB1P5,5.45
843,Altervim,TR NB Ph.4,UPC-05,CCS8609,CCS8609-ATV-NB1P4,4.36
844,Altervim,TR NB Ph.4,UPC-05,CCS1635,CCS1635-ATV-NB1P5,5.45
845,Altervim,TR NB Ph.4,UPC-05,CBR6005,CBR6005-ATV-NB1P5,5.45
846,Altervim,TR NB Ph.4,UPC-05,CBR6739,CBR6739-ATV-NB1P4,4.36
847,Altervim,TR NB Ph.4,UPC-05,CCS6003,CCS6003-ATV-NB1P5,5.45
848,Altervim,TR NB Ph.4,UPC-05,CBR2019,CBR2019-ATV-NB1P4,4.36
849,Altervim,TR NB Ph.4,UPC-05,CBR6753,CBR6753-ATV-NB1P4,4.36
850,Altervim,TR NB Ph.4,UPC-05,CCS8530,CCS8530-ATV-NB1P4,4.36
851,Altervim,TR NB Ph.4,UPC-05,CTB1869,CTB1869-ATV-NB1P4,4.36
852,Altervim,TR NB Ph.4,UPC-05,CCS6007,CCS6007-ATV-NB1P4,4.36
853,Altervim,TR NB Ph.4,UPC-05,CCS8545,CCS8545-ATV-NB1P4,4.36
854,Altervim,TR NB Ph.4,UPC-05,CTB1651,CTB1651-ATV-NB1P4,4.36
855,Altervim,TR NB Ph.4,UPC-05,NKN6727,NKN6727-ATV-NB1P4,4.36
856,Altervim,TR NB Ph.4,UPC-05,NKN1822,NKN1822-ATV-NB1P4,4.36
857,Altervim,TR NB Ph.4,UPC-05,NKN1862,NKN1862-ATV-NB1P4,4.36
858,Altervim,TR NB Ph.4,UPC-05,NKN8503,NKN8503-ATV-NB1P4,4.36
859,Altervim,TR NB Ph.4,UPC-05,PCR6716,PCR6716-ATV-NB1P4,4.36
860,Altervim,TR NB Ph.4,UPC-05,RYG7131,RYG7131-ATV-NB1P4,4.36
861,Altervim,TR NB Ph.4,UPC-05,SKO8514,SKO8514-ATV-NB1P4,4.36
862,Altervim,TR NB Ph.4,UPC-05,CCS8507,CCS8507-ATV-NB1P5,5.45
863,Altervim,TR NB Ph.4,UPC-05,CBR7679,CBR7679-ATV-NB1P5,5.45
864,Altervim,TR NB Ph.4,UPC-05,CBR7622,CBR7622-ATV-NB1P4,4.36
865,Altervim,TR NB Ph.4,UPC-05,PCR8515,PCR8515-ATV-NB1P4,4.36
866,Altervim,TR NB Ph.4,UPC-05,PCR8548,PCR8548-ATV-NB1P4,4.36
867,Altervim,TR NB Ph.4,UPC-05,CBR8849,CBR8849-ATV-NB1P4,4.36
868,Altervim,TR NB Ph.4,UPC-05,CBRA148,CBRA148-ATV-NB1P4,4.36
869,Altervim,TR NB Ph.4,UPC-05,RYG8591,RYG8591-ATV-NB1P5,5.45
870,Altervim,TR NB Ph.4,UPC-06,LBR0009,LBR0009-ATV-NB1P10,10.9
871,Altervim,TR NB Ph.4,UPC-06,LBR0031,LBR0031-ATV-NB1P4,4.36
872,Altervim,TR NB Ph.4,UPC-06,NKW6717,NKW6717-ATV-NB1P6,6.54
873,Altervim,TR NB Ph.4,UPC-06,SRB1521,SRB1521-ATV-NB1P5,5.45
874,Altervim,TR NB Ph.4,UPC-06,SRB6726,SRB6726-ATV-NB1P4,4.36
875,Altervim,TR NB Ph.4,UPC-06,SRB6732,SRB6732-ATV-NB1P5,5.45
876,Altervim,TR NB Ph.4,UPC-06,UTT6718,UTT6718-ATV-NB1P5,5.45
877,Altervim,TR NB Ph.4,UPC-06,LBR0035,LBR0035-ATV-NB1P5,5.45
878,Altervim,TR NB Ph.4,UPC-06,AYT1503,AYT1503-ATV-NB1P4,4.36
879,Altervim,TR NB Ph.4,UPC-06,SRB8540,SRB8540-ATV-NB1P5,5.45
880,Altervim,TR NB Ph.4,UPC-06,AYT0009,AYT0009-ATV-NB1P5,5.45
881,Altervim,TR NB Ph.4,UPC-06,AYT6716,AYT6716-ATV-NB1P5,5.45
882,Altervim,TR NB Ph.4,UPC-06,AYT8610,AYT8610-ATV-NB1P5,5.45
883,Altervim,TR NB Ph.4,UPC-06,NKW7130,NKW7130-ATV-NB1P4,4.36
884,Altervim,TR NB Ph.4,UPC-06,AYT8518,AYT8518-ATV-NB1P4,4.36
885,Altervim,TR NB Ph.4,UPC-06,ATG8526,ATG8526-ATV-NB1P4,4.36
886,Altervim,TR NB Ph.4,UPC-06,LBR0041,LBR0041-ATV-NB1P5,5.45
887,Altervim,TR NB Ph.4,UPC-06,NKW1087,NKW1087-ATV-NB1P5,5.45
888,Altervim,TR NB Ph.4,UPC-06,NKW2007,NKW2007-ATV-NB1P5,5.45
889,Altervim,TR NB Ph.4,UPC-06,SRB8536,SRB8536-ATV-NB1P4,4.36
890,Altervim,TR NB Ph.4,UPC-06,SRB7161,SRB7161-ATV-NB1P5,5.45
891,Altervim,TR NB Ph.4,UPC-06,NKW6784,NKW6784-ATV-NB1P5,5.45
892,Altervim,TR NB Ph.4,UPC-06,NKW6798,NKW6798-ATV-NB1P5,5.45
893,Altervim,TR NB Ph.4,UPC-06,SBR6720,SBR6720-ATV-NB1P5,5.45
894,Altervim,TR NB Ph.4,UPC-06,LBR1101,LBR1101-ATV-NB1P5,5.45
895,Altervim,TR NB Ph.4,UPC-06,CNT1601,CNT1601-ATV-NB1P5,5.45
896,Altervim,TR NB Ph.4,UPC-06,CNT6712,CNT6712-ATV-NB1P5,5.45
897,Altervim,TR NB Ph.4,UPC-06,LBR1201,LBR1201-ATV-NB1P5,5.45
898,Altervim,TR NB Ph.4,UPC-06,LBR1206,LBR1206-ATV-NB1P5,5.45
899,Altervim,TR NB Ph.4,UPC-06,LBR1302,LBR1302-ATV-NB1P5,5.45
900,Altervim,TR NB Ph.4,UPC-06,LBR1401,LBR1401-ATV-NB1P6,6.54
901,Altervim,TR NB Ph.4,UPC-06,NKW6707,NKW6707-ATV-NB1P4,4.36
902,Altervim,TR NB Ph.4,UPC-06,NKW6721,NKW6721-ATV-NB1P5,5.45
903,Altervim,TR NB Ph.4,UPC-06,NKW6793,NKW6793-ATV-NB1P5,5.45
904,Altervim,TR NB Ph.4,UPC-06,SRB1403,SRB1403-ATV-NB1P4,4.36
905,Altervim,TR NB Ph.4,UPC-06,SRB1543,SRB1543-ATV-NB1P4,4.36
906,Altervim,TR NB Ph.4,UPC-06,UTT6707,UTT6707-ATV-NB1P5,5.45
907,Altervim,TR NB Ph.4,UPC-06,UTT6740,UTT6740-ATV-NB1P5,5.45
908,Altervim,TR NB Ph.4,UPC-06,SRB8578,SRB8578-ATV-NB1P4,4.36
909,Altervim,TR NB Ph.4,UPC-06,AYT8628,AYT8628-ATV-NB1P5,5.45
910,Altervim,TR NB Ph.4,UPC-06,CNT3151,CNT3151-ATV-NB1P5,5.45
911,Altervim,TR NB Ph.4,UPC-06,CNT6726,CNT6726-ATV-NB1P5,5.45
912,Altervim,TR NB Ph.4,UPC-06,CNT1912,CNT1912-ATV-NB1P5,5.45
913,Altervim,TR NB Ph.4,UPC-06,CNT6715,CNT6715-ATV-NB1P5,5.45
914,Altervim,TR NB Ph.4,UPC-06,CNT6716,CNT6716-ATV-NB1P5,5.45
915,Altervim,TR NB Ph.4,UPC-06,CNT6718,CNT6718-ATV-NB1P5,5.45
916,Altervim,TR NB Ph.4,UPC-06,CNT6720,CNT6720-ATV-NB1P5,5.45
917,Altervim,TR NB Ph.4,UPC-06,CNT6721,CNT6721-ATV-NB1P5,5.45
918,Altervim,TR NB Ph.4,UPC-06,CNT8551,CNT8551-ATV-NB1P4,4.36
919,Altervim,TR NB Ph.4,UPC-06,CNT8552,CNT8552-ATV-NB1P5,5.45
920,Altervim,TR NB Ph.4,UPC-06,LBR1511,LBR1511-ATV-NB1P5,5.45
921,Altervim,TR NB Ph.4,UPC-06,LBR1530,LBR1530-ATV-NB1P5,5.45
922,Altervim,TR NB Ph.4,UPC-06,LBR1533,LBR1533-ATV-NB1P5,5.45
923,Altervim,TR NB Ph.4,UPC-06,LBR6702,LBR6702-ATV-NB1P5,5.45
924,Altervim,TR NB Ph.4,UPC-06,LBR6703,LBR6703-ATV-NB1P5,5.45
925,Altervim,TR NB Ph.4,UPC-06,LBR6704,LBR6704-ATV-NB1P5,5.45
926,Altervim,TR NB Ph.4,UPC-06,LBR6706,LBR6706-ATV-NB1P5,5.45
927,Altervim,TR NB Ph.4,UPC-06,LBR6710,LBR6710-ATV-NB1P5,5.45
928,Altervim,TR NB Ph.4,UPC-06,LBR6712,LBR6712-ATV-NB1P5,5.45
929,Altervim,TR NB Ph.4,UPC-06,LBR6719,LBR6719-ATV-NB1P5,5.45
930,Altervim,TR NB Ph.4,UPC-06,LBR6720,LBR6720-ATV-NB1P5,5.45
931,Altervim,TR NB Ph.4,UPC-06,LBR6724,LBR6724-ATV-NB1P5,5.45
932,Altervim,TR NB Ph.4,UPC-06,LBR6725,LBR6725-ATV-NB1P5,5.45
933,Altervim,TR NB Ph.4,UPC-06,LBR6729,LBR6729-ATV-NB1P5,5.45
934,Altervim,TR NB Ph.4,UPC-06,LBR6731,LBR6731-ATV-NB1P5,5.45
935,Altervim,TR NB Ph.4,UPC-06,LBR6733,LBR6733-ATV-NB1P5,5.45
936,Altervim,TR NB Ph.4,UPC-06,LBR6738,LBR6738-ATV-NB1P5,5.45
937,Altervim,TR NB Ph.4,UPC-06,LBR6741,LBR6741-ATV-NB1P5,5.45
938,Altervim,TR NB Ph.4,UPC-06,LBR6742,LBR6742-ATV-NB1P6,6.54
939,Altervim,TR NB Ph.4,UPC-06,NKW1603,NKW1603-ATV-NB1P5,5.45
940,Altervim,TR NB Ph.4,UPC-06,NKW3145,NKW3145-ATV-NB1P5,5.45
941,Altervim,TR NB Ph.4,UPC-06,NKW3047,NKW3047-ATV-NB1P5,5.45
942,Altervim,TR NB Ph.4,UPC-06,NKW8584,NKW8584-ATV-NB1P5,5.45
943,Altervim,TR NB Ph.4,UPC-06,NKW6703,NKW6703-ATV-NB1P5,5.45
944,Altervim,TR NB Ph.4,UPC-06,NKW6713,NKW6713-ATV-NB1P5,5.45
945,Altervim,TR NB Ph.4,UPC-06,NKW6719,NKW6719-ATV-NB1P5,5.45
946,Altervim,TR NB Ph.4,UPC-06,NKW6729,NKW6729-ATV-NB1P5,5.45
947,Altervim,TR NB Ph.4,UPC-06,NKW6752,NKW6752-ATV-NB1P5,5.45
948,Altervim,TR NB Ph.4,UPC-06,NKW6755,NKW6755-ATV-NB1P5,5.45
949,Altervim,TR NB Ph.4,UPC-06,NKW6756,NKW6756-ATV-NB1P5,5.45
950,Altervim,TR NB Ph.4,UPC-06,NKW6772,NKW6772-ATV-NB1P5,5.45
951,Altervim,TR NB Ph.4,UPC-06,NKW6778,NKW6778-ATV-NB1P5,5.45
952,Altervim,TR NB Ph.4,UPC-06,NKW6780,NKW6780-ATV-NB1P5,5.45
953,Altervim,TR NB Ph.4,UPC-06,NKW6789,NKW6789-ATV-NB1P5,5.45
954,Altervim,TR NB Ph.4,UPC-06,NKW6792,NKW6792-ATV-NB1P5,5.45
955,Altervim,TR NB Ph.4,UPC-06,NKW6801,NKW6801-ATV-NB1P5,5.45
956,Altervim,TR NB Ph.4,UPC-06,NKW8577,NKW8577-ATV-NB1P4,4.36
957,Altervim,TR NB Ph.4,UPC-06,NKW8592,NKW8592-ATV-NB1P5,5.45
958,Altervim,TR NB Ph.4,UPC-06,SRB0031,SRB0031-ATV-NB1P5,5.45
959,Altervim,TR NB Ph.4,UPC-06,UTT1602,UTT1602-ATV-NB1P5,5.45
960,Altervim,TR NB Ph.4,UPC-06,UTT1922,UTT1922-ATV-NB1P5,5.45
961,Altervim,TR NB Ph.4,UPC-06,UTT6709,UTT6709-ATV-NB1P5,5.45
962,Altervim,TR NB Ph.4,UPC-06,UTT6722,UTT6722-ATV-NB1P5,5.45
963,Altervim,TR NB Ph.4,UPC-06,UTT6725,UTT6725-ATV-NB1P5,5.45
964,Altervim,TR NB Ph.4,UPC-06,UTT6730,UTT6730-ATV-NB1P5,5.45
965,Altervim,TR NB Ph.4,UPC-06,UTT6735,UTT6735-ATV-NB1P5,5.45
966,Altervim,TR NB Ph.4,UPC-06,UTT6747,UTT6747-ATV-NB1P5,5.45
967,Altervim,TR NB Ph.4,UPC-06,UTT6748,UTT6748-ATV-NB1P5,5.45
968,Altervim,TR NB Ph.4,UPC-06,AYT7209,AYT7209-ATV-NB1P5,5.45
969,Altervim,TR NB Ph.4,UPC-06,SRB7193,SRB7193-ATV-NB1P5,5.45
970,Altervim,TR NB Ph.4,UPC-06,LBR6743,LBR6743-ATV-NB1P5,5.45
971,Altervim,TR NB Ph.4,UPC-06,NKW1611,NKW1611-ATV-NB1P4,4.36
972,Altervim,TR NB Ph.4,UPC-06,LBR6747,LBR6747-ATV-NB1P5,5.45
973,Altervim,TR NB Ph.4,UPC-06,LBR6751,LBR6751-ATV-NB1P5,5.45
974,Altervim,TR NB Ph.4,UPC-06,LBR6758,LBR6758-ATV-NB1P5,5.45
975,Altervim,TR NB Ph.4,UPC-06,NKW1931,NKW1931-ATV-NB1P5,5.45
976,Altervim,TR NB Ph.4,UPC-06,LBR6760,LBR6760-ATV-NB1P5,5.45
977,Altervim,TR NB Ph.4,UPC-06,LBR6766,LBR6766-ATV-NB1P5,5.45
978,Altervim,TR NB Ph.4,UPC-06,NKW8538,NKW8538-ATV-NB1P5,5.45
979,Altervim,TR NB Ph.4,UPC-06,SRB7112,SRB7112-ATV-NB1P4,4.36
980,Altervim,TR NB Ph.4,UPC-06,SRB8509,SRB8509-ATV-NB1P4,4.36
981,Altervim,TR NB Ph.4,UPC-06,UTT8512,UTT8512-ATV-NB1P5,5.45
982,Altervim,TR NB Ph.4,UPC-06,AYT8629,AYT8629-ATV-NB1P5,5.45
983,Altervim,TR NB Ph.4,UPC-06,SRB7158,SRB7158-ATV-NB1P4,4.36
984,Altervim,TR NB Ph.4,UPC-06,NKW7182,NKW7182-ATV-NB1P4,4.36
985,Altervim,TR NB Ph.4,UPC-06,NKW7200,NKW7200-ATV-NB1P4,4.36
986,Altervim,TR NB Ph.4,UPC-06,CNT8508,CNT8508-ATV-NB1P4,4.36
987,Altervim,TR NB Ph.4,UPC-06,SRB8513,SRB8513-ATV-NB1P4,4.36
988,Altervim,TR NB Ph.4,UPC-06,ATG8508,ATG8508-ATV-NB1P5,5.45
989,Altervim,TR NB Ph.4,UPC-06,LBR6771,LBR6771-ATV-NB1P5,5.45
990,Altervim,TR NB Ph.4,UPC-06,LBR6790,LBR6790-ATV-NB1P5,5.45
991,Altervim,TR NB Ph.4,UPC-06,NKW1503,NKW1503-ATV-NB1P5,5.45
992,Altervim,TR NB Ph.4,UPC-06,SRB1102,SRB1102-ATV-NB1P4,4.36
993,Altervim,TR NB Ph.4,UPC-06,CNT6738,CNT6738-ATV-NB1P4,4.36
994,Altervim,TR NB Ph.4,UPC-06,LBR6794,LBR6794-ATV-NB1P5,5.45
995,Altervim,TR NB Ph.4,UPC-06,AYT6758,AYT6758-ATV-NB1P4,4.36
996,Altervim,TR NB Ph.4,UPC-06,CNT6728,CNT6728-ATV-NB1P4,4.36
997,Altervim,TR NB Ph.4,UPC-06,NKW1802,NKW1802-ATV-NB1P4,4.36
998,Altervim,TR NB Ph.4,UPC-06,NKW8553,NKW8553-ATV-NB1P5,5.45
999,Altervim,TR NB Ph.4,UPC-06,CNT6704,CNT6704-ATV-NB1P5,5.45
1000,Altervim,TR NB Ph.4,UPC-06,CNT8504,CNT8504-ATV-NB1P4,4.36
1001,Altervim,TR NB Ph.4,UPC-06,LBR7100,LBR7100-ATV-NB1P5,5.45
1002,Altervim,TR NB Ph.4,UPC-06,NKW1915,NKW1915-ATV-NB1P4,4.36
1003,Altervim,TR NB Ph.4,UPC-06,SRB6002,SRB6002-ATV-NB1P5,5.45
1004,Altervim,TR NB Ph.4,UPC-06,SRB6760,SRB6760-ATV-NB1P4,4.36
1005,Altervim,TR NB Ph.4,UPC-06,UTT6715,UTT6715-ATV-NB1P4,4.36
1006,Altervim,TR NB Ph.4,UPC-06,UTT6719,UTT6719-ATV-NB1P5,5.45
1007,Altervim,TR NB Ph.4,UPC-06,UTT6739,UTT6739-ATV-NB1P4,4.36
1008,Altervim,TR NB Ph.4,UPC-06,ATG8505,ATG8505-ATV-NB1P5,5.45
1009,Altervim,TR NB Ph.4,UPC-06,ATG8513,ATG8513-ATV-NB1P4,4.36
1010,Altervim,TR NB Ph.4,UPC-06,AYT6763,AYT6763-ATV-NB1P4,4.36
1011,Altervim,TR NB Ph.4,UPC-06,AYT7106,AYT7106-ATV-NB1P4,4.36
1012,Altervim,TR NB Ph.4,UPC-06,AYT8597,AYT8597-ATV-NB1P5,5.45
1013,Altervim,TR NB Ph.4,UPC-06,LBR8511,LBR8511-ATV-NB1P4,4.36
1014,Altervim,TR NB Ph.4,UPC-06,SRB6751,SRB6751-ATV-NB1P4,4.36
1015,Altervim,TR NB Ph.4,UPC-06,LBR8526,LBR8526-ATV-NB1P4,4.36
1016,Altervim,TR NB Ph.4,UPC-06,LBR8534,LBR8534-ATV-NB1P5,5.45
1017,Altervim,TR NB Ph.4,UPC-06,LBR8556,LBR8556-ATV-NB1P4,4.36
1018,Altervim,TR NB Ph.4,UPC-06,LBR8561,LBR8561-ATV-NB1P4,4.36
1019,Altervim,TR NB Ph.4,UPC-06,NKW6754,NKW6754-ATV-NB1P4,4.36
1020,Altervim,TR NB Ph.4,UPC-07,PCK0014,PCK0014-ATV-NB1P5,5.45
1021,Altervim,TR NB Ph.4,UPC-07,SMS6708,SMS6708-ATV-NB1P4,4.36
1022,Altervim,TR NB Ph.4,UPC-07,NKT8602,NKT8602-ATV-NB1P5,5.45
1023,Altervim,TR NB Ph.4,UPC-07,RCB1023,RCB1023-ATV-NB1P5,5.45
1024,Altervim,TR NB Ph.4,UPC-07,SMK8544,SMK8544-ATV-NB1P4,4.36
1025,Altervim,TR NB Ph.4,UPC-07,RCB8531,RCB8531-ATV-NB1P5,5.45
1026,Altervim,TR NB Ph.4,UPC-07,BKE1034,BKE1034-ATV-NB1P5,5.45
1027,Altervim,TR NB Ph.4,UPC-07,SMS6706,SMS6706-ATV-NB1P5,5.45
1028,Altervim,TR NB Ph.4,UPC-07,RCB8534,RCB8534-ATV-NB1P4,4.36
1029,Altervim,TR NB Ph.4,UPC-07,KCN0011,KCN0011-ATV-NB1P5,5.45
1030,Altervim,TR NB Ph.4,UPC-07,NKT1551,NKT1551-ATV-NB1P4,4.36
1031,Altervim,TR NB Ph.4,UPC-07,PBR8547,PBR8547-ATV-NB1P5,5.45
1032,Altervim,TR NB Ph.4,UPC-07,RCB0027,RCB0027-ATV-NB1P4,4.36
1033,Altervim,TR NB Ph.4,UPC-07,RCB8530,RCB8530-ATV-NB1P5,5.45
1034,Altervim,TR NB Ph.4,UPC-07,SPB8528,SPB8528-ATV-NB1P5,5.45
1035,Altervim,TR NB Ph.4,UPC-07,NKT8540,NKT8540-ATV-NB1P4,4.36
1036,Altervim,TR NB Ph.4,UPC-07,NKT7167,NKT7167-ATV-NB1P4,4.36
1037,Altervim,TR NB Ph.4,UPC-07,PCK7284,PCK7284-ATV-NB1P5,5.45
1038,Altervim,TR NB Ph.4,UPC-07,PCK8519,PCK8519-ATV-NB1P5,5.45
1039,Altervim,TR NB Ph.4,UPC-07,PCK8564,PCK8564-ATV-NB1P4,4.36
1040,Altervim,TR NB Ph.4,UPC-07,RCB6725,RCB6725-ATV-NB1P4,4.36
1041,Altervim,TR NB Ph.4,UPC-07,KCN6799,KCN6799-ATV-NB1P4,4.36
1042,Altervim,TR NB Ph.4,UPC-07,PBR6762,PBR6762-ATV-NB1P4,4.36
1043,Altervim,TR NB Ph.4,UPC-07,SPB8503,SPB8503-ATV-NB1P4,4.36
1044,Altervim,TR NB Ph.4,UPC-07,RCB1007,RCB1007-ATV-NB1P4,4.36
1045,Altervim,TR NB Ph.4,UPC-07,RCB6714,RCB6714-ATV-NB1P4,4.36
1046,Altervim,TR NB Ph.4,UPC-07,RCB8583,RCB8583-ATV-NB1P5,5.45
1047,Altervim,TR NB Ph.4,UPC-07,RCB8621,RCB8621-ATV-NB1P4,4.36
1048,Altervim,TR NB Ph.4,UPC-07,SMS8542,SMS8542-ATV-NB1P4,4.36
1049,Altervim,TR NB Ph.4,UPC-07,NKT6715,NKT6715-ATV-NB1P4,4.36
1050,Altervim,TR NB Ph.4,UPC-07,KCN6016,KCN6016-ATV-NB1P5,5.45
1051,Altervim,TR NB Ph.4,UPC-07,KCN0010,KCN0010-ATV-NB1P4,4.36
1052,Altervim,TR NB Ph.4,UPC-07,NKT6004,NKT6004-ATV-NB1P5,5.45
1053,Altervim,TR NB Ph.4,UPC-07,NKT6714,NKT6714-ATV-NB1P5,5.45
1054,Altervim,TR NB Ph.4,UPC-07,PBR1004,PBR1004-ATV-NB1P4,4.36
1055,Altervim,TR NB Ph.4,UPC-07,PBR1202,PBR1202-ATV-NB1P4,4.36
1056,Altervim,TR NB Ph.4,UPC-07,PBR6725,PBR6725-ATV-NB1P4,4.36
1057,Altervim,TR NB Ph.4,UPC-07,RCB1528,RCB1528-ATV-NB1P4,4.36
1058,Altervim,TR NB Ph.4,UPC-07,RCB1531,RCB1531-ATV-NB1P4,4.36
1059,Altervim,TR NB Ph.4,UPC-07,RCB6010,RCB6010-ATV-NB1P5,5.45
1060,Altervim,TR NB Ph.4,UPC-07,RCB6018,RCB6018-ATV-NB1P4,4.36
1061,Altervim,TR NB Ph.4,UPC-07,RCB8550,RCB8550-ATV-NB1P5,5.45
1062,Altervim,TR NB Ph.4,UPC-07,RCB8596,RCB8596-ATV-NB1P4,4.36
1063,Altervim,TR NB Ph.4,UPC-07,RCB6710,RCB6710-ATV-NB1P4,4.36
1064,Altervim,TR NB Ph.4,UPC-07,SMK8539,SMK8539-ATV-NB1P4,4.36
1065,Altervim,TR NB Ph.4,UPC-07,SPB6707,SPB6707-ATV-NB1P4,4.36
1066,Altervim,TR NB Ph.4,UPC-07,SPB6728,SPB6728-ATV-NB1P4,4.36
1067,Altervim,TR NB Ph.4,UPC-07,SPB6735,SPB6735-ATV-NB1P4,4.36
1068,Altervim,TR NB Ph.4,UPC-07,SMS7111,SMS7111-ATV-NB1P4,4.36
1069,Altervim,TR NB Ph.4,UPC-07,PBR7196,PBR7196-ATV-NB1P4,4.36
1070,Altervim,TR NB Ph.4,UPC-07,NKT8545,NKT8545-ATV-NB1P5,5.45
1071,Altervim,TR NB Ph.4,UPC-07,KCN7258,KCN7258-ATV-NB1P5,5.45
1072,Altervim,TR NB Ph.4,UPC-07,NKT8696,NKT8696-ATV-NB1P5,5.45
1073,Altervim,TR NB Ph.4,UPC-07,RCB7232,RCB7232-ATV-NB1P4,4.36
1074,Altervim,TR NB Ph.4,UPC-07,SPB8513,SPB8513-ATV-NB1P5,5.45
1075,Altervim,TR NB Ph.4,UPC-07,PCK6723,PCK6723-ATV-NB1P4,4.36
1076,Altervim,TR NB Ph.4,UPC-07,PCK6751,PCK6751-ATV-NB1P4,4.36
1077,Altervim,TR NB Ph.4,UPC-07,RCB6703,RCB6703-ATV-NB1P4,4.36
1078,Altervim,TR NB Ph.4,UPC-07,RCB6729,RCB6729-ATV-NB1P4,4.36
1079,Altervim,TR NB Ph.4,UPC-08,PKT1041,PKT1041-ATV-NB1P4,4.36
1080,Altervim,TR NB Ph.4,UPC-08,SRT1046,SRT1046-ATV-NB1P5,5.45
1081,Altervim,TR NB Ph.4,UPC-08,SRT1067,SRT1067-ATV-NB1P4,4.36
1082,Altervim,TR NB Ph.4,UPC-08,KBI1016,KBI1016-ATV-NB1P4,4.36
1083,Altervim,TR NB Ph.4,UPC-08,SRT6906,SRT6906-ATV-NB1P4,4.36
1084,Altervim,TR NB Ph.4,UPC-08,KBI6722,KBI6722-ATV-NB1P4,4.36
1085,Altervim,TR NB Ph.4,UPC-08,KBI1008,KBI1008-ATV-NB1P5,5.45
1086,Altervim,TR NB Ph.4,UPC-08,PKT0023,PKT0023-ATV-NB1P4,4.36
1087,Altervim,TR NB Ph.4,UPC-08,SRT7165,SRT7165-ATV-NB1P5,5.45
1088,Altervim,TR NB Ph.4,UPC-08,SRT7222,SRT7222-ATV-NB1P4,4.36
1089,Altervim,TR NB Ph.4,UPC-08,CPN8503,CPN8503-ATV-NB1P4,4.36
1090,Altervim,TR NB Ph.4,UPC-08,CPN7173,CPN7173-ATV-NB1P5,5.45
1091,Altervim,TR NB Ph.4,UPC-08,CPN6752,CPN6752-ATV-NB1P4,4.36
1092,Altervim,TR NB Ph.4,UPC-08,KBI1035,KBI1035-ATV-NB1P5,5.45
1093,Altervim,TR NB Ph.4,UPC-08,RNG7137,RNG7137-ATV-NB1P5,5.45
1094,Altervim,TR NB Ph.4,UPC-09,PTL6755,PTL6755-ATV-NB1P4,4.36
1095,Altervim,TR NB Ph.4,UPC-09,SKA0031,SKA0031-ATV-NB1P4,4.36
1096,Altervim,TR NB Ph.4,UPC-09,SKA6793,SKA6793-ATV-NB1P4,4.36
1097,Altervim,TR NB Ph.4,UPC-09,NKS8544,NKS8544-ATV-NB1P4,4.36
1098,Altervim,TR NB Ph.4,UPC-09,NRT1023,NRT1023-ATV-NB1P4,4.36
1099,Altervim,TR NB Ph.4,UPC-09,TRG1009,TRG1009-ATV-NB1P5,5.45
1100,Altervim,TR NB Ph.4,UPC-09,NRT6734,NRT6734-ATV-NB1P5,5.45
1101,Altervim,TR NB Ph.4,UPC-09,NRT6761,NRT6761-ATV-NB1P5,5.45
1102,Altervim,TR NB Ph.4,UPC-09,SKA6804,SKA6804-ATV-NB1P5,5.45
1103,Altervim,TR NB Ph.4,UPC-09,TRG8503,TRG8503-ATV-NB1P4,4.36
1104,Altervim,TR NB Ph.4,UPC-09,NKS0049,NKS0049-ATV-NB1P4,4.36
1105,Altervim,TR NB Ph.4,UPC-09,NRT6713,NRT6713-ATV-NB1P4,4.36
1106,Altervim,TR NB Ph.4,UPC-09,NRT6720,NRT6720-ATV-NB1P5,5.45
1107,Altervim,TR NB Ph.4,UPC-09,NRT6722,NRT6722-ATV-NB1P5,5.45
1108,Altervim,TR NB Ph.4,UPC-09,NRT6731,NRT6731-ATV-NB1P5,5.45
1109,Altervim,TR NB Ph.4,UPC-09,PTL6733,PTL6733-ATV-NB1P4,4.36
1110,Altervim,TR NB Ph.4,UPC-09,PTN0002,PTN0002-ATV-NB1P4,4.36
1111,Altervim,TR NB Ph.4,UPC-09,PTN1013,PTN1013-ATV-NB1P5,5.45
1112,Altervim,TR NB Ph.4,UPC-09,PTN8500,PTN8500-ATV-NB1P5,5.45
1113,Altervim,TR NB Ph.4,UPC-09,PTN8548,PTN8548-ATV-NB1P5,5.45
1114,Altervim,TR NB Ph.4,UPC-09,SKA0048,SKA0048-ATV-NB1P4,4.36
1115,Altervim,TR NB Ph.4,UPC-09,TRG6725,TRG6725-ATV-NB1P4,4.36
1116,Altervim,TR NB Ph.4,UPC-09,TRG6763,TRG6763-ATV-NB1P4,4.36
1117,Altervim,TR NB Ph.4,UPC-09,TRG6775,TRG6775-ATV-NB1P4,4.36
1118,Altervim,TR NB Ph.4,UPC-09,NKS0010,NKS0010-ATV-NB1P4,4.36
1119,Altervim,TR NB Ph.4,UPC-09,NRT6753,NRT6753-ATV-NB1P5,5.45
1120,Altervim,TR NB Ph.4,UPC-09,NKS6739,NKS6739-ATV-NB1P4,4.36
1121,Altervim,TR NB Ph.4,UPC-09,TRG1041,TRG1041-ATV-NB1P4,4.36
1122,Altervim,TR NB Ph.4,UPC-09,PTN8514,PTN8514-ATV-NB1P5,5.45
1123,Altervim,TR NB Ph.4,UPC-09,YLA6702,YLA6702-ATV-NB1P5,5.45
1124,Altervim,TR NB Ph.4,UPC-09,SKA0005,SKA0005-ATV-NB1P5,5.45
1125,Altervim,TR NB Ph.4,UPC-09,PTL6760,PTL6760-ATV-NB1P5,5.45
1126,Altervim,TR NB Ph.4,UPC-09,PTL8513,PTL8513-ATV-NB1P5,5.45
1127,Altervim,TR NB Ph.4,UPC-09,SKA8641,SKA8641-ATV-NB1P5,5.45
1128,Altervim,TR NB Ph.4,UPC-09,TRG8522,TRG8522-ATV-NB1P4,4.36
1129,Altervim,TR NB Ph.4,UPC-09,NRT8541,NRT8541-ATV-NB1P5,5.45
1130,Altervim,TR NB Ph.4,UPC-09,TRG8505,TRG8505-ATV-NB1P4,4.36
1131,Altervim,TR NB Ph.4,UPC-09,YLA8515,YLA8515-ATV-NB1P5,5.45
1132,Altervim,TR NB Ph.4,UPC-09,PTN8515,PTN8515-ATV-NB1P4,4.36
1133,Altervim,TR NB Ph.4,UPC-09,YLA8508,YLA8508-ATV-NB1P4,4.36
1134,Altervim,TR NB Ph.4,UPC-09,TRG8518,TRG8518-ATV-NB1P4,4.36
1135,Altervim,TR NB Ph.4,UPC-09,NRT7230,NRT7230-ATV-NB1P4,4.36
1136,Altervim,TR NB Ph.4,UPC-09,NKS6796,NKS6796-ATV-NB1P4,4.36
1137,Altervim,TR NB Ph.4,UPC-09,NKS0004,NKS0004-ATV-NB1P4,4.36
1138,Altervim,TR NB Ph.4,UPC-09,SKA1132,SKA1132-ATV-NB1P4,4.36
1139,Altervim,TR NB Ph.4,UPC-09,NRT6741,NRT6741-ATV-NB1P5,5.45
1140,Altervim,TR NB Ph.4,UPC-09,PTN6704,PTN6704-ATV-NB1P4,4.36
1141,Altervim,TR NB Ph.4,UPC-09,NKS0011,NKS0011-ATV-NB1P4,4.36
1142,Altervim,TR NB Ph.4,UPC-09,PTN6703,PTN6703-ATV-NB1P4,4.36
1143,Altervim,TR NB Ph.4,UPC-09,PTN6717,PTN6717-ATV-NB1P5,5.45
1144,Altervim,TR NB Ph.4,UPC-09,TRG6735,TRG6735-ATV-NB1P4,4.36
1145,Altervim,TR NB Ph.4,UPC-09,YLA6723,YLA6723-ATV-NB1P4,4.36
1146,Altervim,TR NB Ph.4,UPC-09,PTN8545,PTN8545-ATV-NB1P4,4.36
1147,Altervim,TR NB Ph.4,UPC-09,NKS0029,NKS0029-ATV-NB1P4,4.36
1148,Altervim,TR NB Ph.4,UPC-09,NKS0060,NKS0060-ATV-NB1P4,4.36
1149,Altervim,TR NB Ph.4,UPC-09,NKS6813,NKS6813-ATV-NB1P4,4.36
1150,Altervim,TR NB Ph.4,UPC-09,NKS8561,NKS8561-ATV-NB1P4,4.36
1151,Altervim,TR NB Ph.4,UPC-09,NRT1013,NRT1013-ATV-NB1P5,5.45
1152,Altervim,TR NB Ph.4,UPC-09,NRT1022,NRT1022-ATV-NB1P5,5.45
1153,Altervim,TR NB Ph.4,UPC-09,NRT8535,NRT8535-ATV-NB1P4,4.36
1154,Altervim,TR NB Ph.4,UPC-09,PTN1006,PTN1006-ATV-NB1P4,4.36
1155,Altervim,TR NB Ph.4,UPC-09,PTN0003,PTN0003-ATV-NB1P4,4.36
1156,Altervim,TR NB Ph.4,UPC-09,PTN8503,PTN8503-ATV-NB1P4,4.36
1157,Altervim,TR NB Ph.4,UPC-09,PTN8504,PTN8504-ATV-NB1P4,4.36
1158,Altervim,TR NB Ph.4,UPC-09,PTN1012,PTN1012-ATV-NB1P5,5.45
1159,Altervim,TR NB Ph.4,UPC-09,PTN6721,PTN6721-ATV-NB1P4,4.36
1160,Altervim,TR NB Ph.4,UPC-09,SKA0037,SKA0037-ATV-NB1P4,4.36
1161,Altervim,TR NB Ph.4,UPC-09,SKA0070,SKA0070-ATV-NB1P4,4.36
1162,Altervim,TR NB Ph.4,UPC-09,SKA8593,SKA8593-ATV-NB1P4,4.36
1163,Altervim,TR NB Ph.4,UPC-09,SKA8562,SKA8562-ATV-NB1P5,5.45
1164,Altervim,TR NB Ph.4,UPC-09,YLA1003,YLA1003-ATV-NB1P4,4.36
1165,Altervim,TR NB Ph.4,UPC-09,YLA1009,YLA1009-ATV-NB1P4,4.36
1166,Altervim,TR NB Ph.4,UPC-09,NRT7138,NRT7138-ATV-NB1P4,4.36
1167,Altervim,TR NB Ph.4,UPC-09,SKA8539,SKA8539-ATV-NB1P4,4.36
1168,Altervim,TR NB Ph.4,UPC-09,TRG8538,TRG8538-ATV-NB1P5,5.45
1169,Altervim,TR NB Ph.4,UPC-09,SKA7277,SKA7277-ATV-NB1P4,4.36
1170,Altervim,TR NB Ph.4,UPC-09,NKS7235,NKS7235-ATV-NB1P4,4.36
1171,Altervim,TR NB Ph.4,UPC-09,SKA8507,SKA8507-ATV-NB1P5,5.45
1172,Altervim,TR NB Ph.4,UPC-09,NRT7242,NRT7242-ATV-NB1P4,4.36
1173,Altervim,TR NB Ph.4,UPC-09,SKA7111,SKA7111-ATV-NB1P4,4.36
1174,Altervim,TR NB Ph.4,UPC-09,YLA7115,YLA7115-ATV-NB1P4,4.36
1175,Altervim,TR NB Ph.4,UPC-04,BRR1933,BRR1933-ATV-NB1P5,5.45
1176,Altervim,TR NB Ph.4,UPC-04,BRR6496,BRR6496-ATV-NB1P5,5.45
1177,Altervim,TR NB Ph.4,UPC-04,BRR8566,BRR8566-ATV-NB1P4,4.36
1178,Altervim,TR NB Ph.4,UPC-03,KKN6778,KKN6778-ATV-NB1P5,5.45
1179,Altervim,TR NB Ph.4,UPC-02,KPP1807,KPP1807-ATV-NB1P4,4.36
1180,Altervim,TR NB Ph.4,UPC-02,PCB6779,PCB6779-ATV-NB1P4,4.36
1181,Altervim,TR NB Ph.4,UPC-02,PCT1606,PCT1606-ATV-NB1P4,4.36
1182,Altervim,TR NB Ph.4,UPC-02,SKT6718,SKT6718-ATV-NB1P4,4.36
1183,Altervim,TR NB Ph.4,UPC-02,SKT8529,SKT8529-ATV-NB1P4,4.36
1184,Altervim,TR NB Ph.4,UPC-05,RYG2002,RYG2002-ATV-NB1P5,5.45
1185,Altervim,TR NB Ph.4,UPC-05,CBR6742,CBR6742-ATV-NB1P5,5.45
1186,Altervim,TR NB Ph.4,UPC-05,NKN2045,NKN2045-ATV-NB1P4,4.36
1187,Altervim,TR NB Ph.4,UPC-05,CBR1803,CBR1803-ATV-NB1P4,4.36
1188,Altervim,TR NB Ph.4,UPC-06,SBR6703,SBR6703-ATV-NB1P5,5.45
1189,Altervim,TR NB Ph.4,UPC-06,CNT6717,CNT6717-ATV-NB1P5,5.45
1190,Altervim,TR NB Ph.4,UPC-06,SBR1501,SBR1501-ATV-NB1P5,5.45
1191,Altervim,TR NB Ph.4,UPC-06,SBR6707,SBR6707-ATV-NB1P5,5.45
1192,Altervim,TR NB Ph.4,UPC-06,NKW1910,NKW1910-ATV-NB1P4,4.36
1193,Altervim,TR NB Ph.4,UPC-06,NKW7127,NKW7127-ATV-NB1P4,4.36
1194,Altervim,TR NB Ph.4,UPC-09,NRT6747,NRT6747-ATV-NB1P4,4.36
1195,Altervim,TR NB Ph.4,UPC-09,SKA7153,SKA7153-ATV-NB1P4,4.36
